frame,source_frame,output_frame,t,source_t,output_t,x,y,reason_shipping,reason_shipping_raw,held_shipping_s,n_shipping,visible_shipping,reason_v2,reason_v2_raw,held_v2_s,n_v2,visible_v2,instruction,turn_distance_px,pin_visible,arrived,map_route_points,map_pose_visible,map_heading
3000,3000,0,50.05,50.05,0.0,,,no_fix,no_fix,,0,0,no_fix,no_fix,,0,0,GO STRAIGHT,,0,0,0,0,
3003,3003,1,50.1,50.1,0.05,,,no_fix,no_fix,,0,0,no_fix,no_fix,,0,0,GO STRAIGHT,,0,0,0,0,
3006,3006,2,50.15,50.15,0.1,,,no_fix,no_fix,,0,0,no_fix,no_fix,,0,0,GO STRAIGHT,,0,0,0,0,
3009,3009,3,50.2,50.2,0.15,291.5,259.8,ok,ok,0.0,3,1,ok,ok,0.0,3,1,TURN LEFT,31.947969154389142,0,0,8,1,172.6
3012,3012,4,50.25,50.25,0.2,291.5,259.4,ok,ok,0.0,3,1,ok,ok,0.0,3,1,TURN LEFT,31.55402845787156,0,0,8,1,172.4
3015,3015,5,50.3,50.3,0.25,291.5,259.2,ok,ok,0.0,3,1,ok,ok,0.0,3,1,TURN LEFT,31.39603015542696,0,0,8,1,172.4
3018,3018,6,50.35,50.35,0.3,,,hold_no_fix,no_fix,0.05,3,1,hold_no_fix,no_fix,0.05,3,1,TURN LEFT,31.39603015542696,0,0,8,1,172.4
3021,3021,7,50.4,50.4,0.35,,,hold_no_fix,no_fix,0.1,3,1,hold_no_fix,no_fix,0.1,3,1,TURN LEFT,31.39603015542696,0,0,8,1,172.4
3024,3024,8,50.45,50.45,0.4,,,hold_no_fix,no_fix,0.15,3,1,hold_no_fix,no_fix,0.15,3,1,TURN LEFT,31.39603015542696,0,0,8,1,172.4
3027,3027,9,50.5,50.501,0.45,,,no_fix,no_fix,,0,0,no_fix,no_fix,,0,0,TURN LEFT,31.39603015542696,0,0,8,0,172.4
3030,3030,10,50.55,50.551,0.5,291.4,258.7,ok,ok,0.0,3,1,ok,ok,0.0,3,1,TURN LEFT,30.92323394669134,0,0,8,1,172.5
3033,3033,11,50.6,50.601,0.55,,,hold_no_fix,no_fix,0.05,3,1,hold_no_fix,no_fix,0.05,3,1,TURN LEFT,30.92323394669134,0,0,8,1,172.5
3036,3036,12,50.65,50.651,0.6,,,hold_no_fix,no_fix,0.1,3,1,hold_no_fix,no_fix,0.1,3,1,TURN LEFT,30.92323394669134,0,0,8,1,172.5
3039,3039,13,50.7,50.701,0.65,291.3,258.3,ok,ok,0.0,3,1,ok,ok,0.0,3,1,TURN LEFT,30.475305399265597,0,0,8,1,172.8
3042,3042,14,50.75,50.751,0.7,,,hold_no_fix,no_fix,0.05,3,1,hold_no_fix,no_fix,0.05,3,1,TURN LEFT,30.475305399265597,0,0,8,1,172.8
3045,3045,15,50.8,50.801,0.75,,,hold_no_fix,no_fix,0.1,3,1,hold_no_fix,no_fix,0.1,3,1,TURN LEFT,30.475305399265597,0,0,8,1,172.8
3048,3048,16,50.85,50.851,0.8,291.3,257.8,ok,ok,0.0,3,1,ok,ok,0.0,3,1,TURN LEFT,30.017857326750995,0,0,8,1,172.5
3051,3051,17,50.9,50.901,0.85,,,hold_no_fix,no_fix,0.05,3,1,hold_no_fix,no_fix,0.05,3,1,TURN LEFT,30.017857326750995,0,0,8,1,172.5
3054,3054,18,50.95,50.951,0.9,,,hold_no_fix,no_fix,0.1,3,1,hold_no_fix,no_fix,0.1,3,1,TURN LEFT,30.017857326750995,0,0,8,1,172.5
3057,3057,19,51.0,51.001,0.95,,,hold_no_fix,no_fix,0.15,3,1,hold_no_fix,no_fix,0.15,3,1,TURN LEFT,30.017857326750995,0,0,8,1,172.5
3060,3060,20,51.05,51.051,1.0,291.2,257.2,ok,ok,0.0,3,1,ok,ok,0.0,3,1,TURN LEFT,29.493411097644163,0,0,8,1,171.7
3063,3063,21,51.1,51.101,1.05,291.2,256.8,ok,ok,0.0,3,1,ok,ok,0.0,3,1,TURN LEFT,29.05493705938887,0,0,8,1,170.8
3066,3066,22,51.15,51.151,1.1,,,hold_no_fix,no_fix,0.05,3,1,hold_no_fix,no_fix,0.05,3,1,TURN LEFT,29.05493705938887,0,0,8,1,170.8
3069,3069,23,51.2,51.201,1.15,291.1,256.4,ok,ok,0.0,3,1,ok,ok,0.0,3,1,TURN LEFT,28.64332505317893,0,0,8,1,169.8
3072,3072,24,51.25,51.251,1.2,291.1,256.0,ok,ok,0.0,3,1,ok,ok,0.0,3,1,TURN LEFT,28.268679874008743,0,0,8,1,169.0
3075,3075,25,51.3,51.301,1.25,291.1,255.7,ok,ok,0.0,3,1,ok,ok,0.0,3,1,TURN LEFT,27.93231442496078,0,0,8,1,168.3
3078,3078,26,51.35,51.351,1.3,291.0,255.3,ok,ok,0.0,3,1,ok,ok,0.0,3,1,TURN LEFT,27.61139406968261,0,0,8,1,167.7
3081,3081,27,51.4,51.401,1.35,291.0,255.0,ok,ok,0.0,3,1,ok,ok,0.0,3,1,TURN LEFT,27.30471744420454,0,0,8,1,167.2
3084,3084,28,51.45,51.451,1.4,291.0,254.7,ok,ok,0.0,2,1,ok,ok,0.0,3,1,TURN LEFT,27.00359703571674,0,0,8,1,166.8
3087,3087,29,51.5,51.502,1.45,291.0,254.4,ok,ok,0.0,2,1,ok,ok,0.0,3,1,TURN LEFT,26.732387515275093,0,0,8,1,166.5
3090,3090,30,51.55,51.552,1.5,291.0,254.1,ok,ok,0.0,2,1,ok,ok,0.0,3,1,TURN LEFT,26.452676594111455,0,0,8,1,166.3
3093,3093,31,51.6,51.602,1.55,290.9,253.9,ok,ok,0.0,2,1,ok,ok,0.0,3,1,TURN LEFT,26.207404915588704,0,0,8,1,166.1
3096,3096,32,51.65,51.652,1.6,290.9,253.6,ok,ok,0.0,2,1,ok,ok,0.0,3,1,TURN LEFT,25.9567621863783,0,0,8,1,166.0
3099,3099,33,51.7,51.702,1.65,290.9,253.4,ok,ok,0.0,2,1,ok,ok,0.0,3,1,TURN LEFT,25.710753068513263,0,0,8,1,165.9
3102,3102,34,51.75,51.752,1.7,290.9,253.1,ok,ok,0.0,2,1,ok,ok,0.0,3,1,TURN LEFT,25.475907338377635,0,0,8,1,165.8
3105,3105,35,51.8,51.802,1.75,290.8,252.9,ok,ok,0.0,2,1,ok,ok,0.0,3,1,TURN LEFT,25.248705962472403,0,0,8,1,165.9
3108,3108,36,51.85,51.852,1.8,290.8,252.7,ok,ok,0.0,2,1,ok,ok,0.0,3,1,TURN LEFT,25.008431155539537,0,0,8,1,166.2
3111,3111,37,51.9,51.902,1.85,290.8,252.4,ok,ok,0.0,2,1,ok,ok,0.0,3,1,TURN LEFT,24.770088356479373,0,0,8,1,166.3
3114,3114,38,51.95,51.952,1.9,290.8,252.2,ok,ok,0.0,2,1,ok,ok,0.0,3,1,TURN LEFT,24.541885444081828,0,0,8,1,166.4
3117,3117,39,52.0,52.002,1.95,290.7,251.9,ok,ok,0.0,2,1,ok,ok,0.0,3,1,TURN LEFT,24.291680061218855,0,0,8,1,166.4
3120,3120,40,52.05,52.052,2.0,290.7,251.7,ok,ok,0.0,2,1,ok,ok,0.0,3,1,TURN LEFT,24.06169189092378,0,0,8,1,166.4
3123,3123,41,52.1,52.102,2.05,290.7,251.4,ok,ok,0.0,2,1,ok,ok,0.0,3,1,TURN LEFT,23.823568977159585,0,0,8,1,166.2
3126,3126,42,52.15,52.152,2.1,290.7,251.2,ok,ok,0.0,2,1,ok,ok,0.0,3,1,TURN LEFT,23.592670110481222,0,0,8,1,165.9
3129,3129,43,52.2,52.202,2.15,290.7,250.9,ok,ok,0.0,2,1,ok,ok,0.0,3,1,TURN LEFT,23.34901604922708,0,0,8,1,165.5
3132,3132,44,52.25,52.252,2.2,290.6,250.7,ok,ok,0.0,2,1,ok,ok,0.0,3,1,TURN LEFT,23.1148178721498,0,0,8,1,165.0
3135,3135,45,52.3,52.302,2.25,290.6,250.4,ok,ok,0.0,2,1,ok,ok,0.0,3,1,TURN LEFT,22.871637138801,0,0,8,1,164.4
3138,3138,46,52.35,52.352,2.3,290.6,250.2,ok,ok,0.0,2,1,ok,ok,0.0,3,1,TURN LEFT,22.64704547697058,0,0,8,1,163.7
3141,3141,47,52.4,52.402,2.35,290.6,250.0,ok,ok,0.0,2,1,ok,ok,0.0,2,1,TURN LEFT,22.404448719515713,0,0,8,1,162.8
3144,3144,48,52.45,52.452,2.4,290.6,249.7,hold_drawn_off_screen,drawn_off_screen,0.05,2,1,ok,ok,0.0,2,1,TURN LEFT,22.152765615937955,0,0,8,1,162.1
3147,3147,49,52.5,52.503,2.45,290.5,249.4,hold_drawn_off_screen,drawn_off_screen,0.1,2,1,ok,ok,0.0,2,1,TURN LEFT,21.89783602827671,0,0,8,1,161.5
3150,3150,50,52.55,52.553,2.5,290.5,249.2,hold_drawn_off_screen,drawn_off_screen,0.15,2,1,ok,ok,0.0,2,1,TURN LEFT,21.655160662157858,0,0,8,1,161.1
3153,3153,51,52.6,52.603,2.55,290.5,248.9,drawn_off_screen,drawn_off_screen,,0,0,ok,ok,0.0,2,1,TURN LEFT,21.423898707154212,0,0,8,1,160.8
3156,3156,52,52.65,52.653,2.6,290.5,248.7,drawn_off_screen,drawn_off_screen,,0,0,ok,ok,0.0,2,1,TURN LEFT,21.18437649938891,0,0,8,1,160.2
3159,3159,53,52.7,52.703,2.65,290.5,248.5,drawn_off_screen,drawn_off_screen,,0,0,ok,ok,0.0,2,1,TURN LEFT,20.946472473345978,0,0,8,1,159.8
3162,3162,54,52.75,52.753,2.7,290.4,248.2,drawn_off_screen,drawn_off_screen,,0,0,ok,ok,0.0,2,1,TURN LEFT,20.702461602726352,0,0,8,1,159.5
3165,3165,55,52.8,52.803,2.75,290.4,247.9,drawn_off_screen,drawn_off_screen,,0,0,ok,ok,0.0,2,1,TURN LEFT,20.43840381017424,0,0,8,1,159.3
3168,3168,56,52.85,52.853,2.8,290.4,247.7,drawn_off_screen,drawn_off_screen,,0,0,ok,ok,0.0,2,1,TURN LEFT,20.187485257604216,0,0,8,1,158.9
3171,3171,57,52.9,52.903,2.85,290.3,247.4,drawn_off_screen,drawn_off_screen,,0,0,ok,ok,0.0,2,1,TURN LEFT,19.948113264979458,0,0,8,1,158.5
3174,3174,58,52.95,52.953,2.9,290.3,247.2,drawn_off_screen,drawn_off_screen,,0,0,ok,ok,0.0,2,1,TURN LEFT,19.72658523831174,0,0,8,1,158.2
3177,3177,59,53.0,53.003,2.95,290.3,246.9,drawn_off_screen,drawn_off_screen,,0,0,ok,ok,0.0,2,1,TURN LEFT,19.491415350399652,0,0,8,1,157.5
3180,3180,60,53.05,53.053,3.0,290.2,246.7,drawn_off_screen,drawn_off_screen,,0,0,ok,ok,0.0,2,1,TURN LEFT,19.271421103723327,0,0,8,1,157.0
3183,3183,61,53.1,53.103,3.05,290.2,246.4,drawn_off_screen,drawn_off_screen,,0,0,ok,ok,0.0,1,1,TURN LEFT,19.057572917052333,0,0,8,1,156.8
3186,3186,62,53.15,53.153,3.1,290.2,246.2,drawn_off_screen,drawn_off_screen,,0,0,ok,ok,0.0,1,1,TURN LEFT,18.82763003275172,0,0,8,1,156.5
3189,3189,63,53.2,53.203,3.15,290.2,246.0,drawn_off_screen,drawn_off_screen,,0,0,ok,ok,0.0,1,1,TURN LEFT,18.602828929979513,0,0,8,1,156.1
3192,3192,64,53.25,53.253,3.2,290.1,245.7,drawn_off_screen,drawn_off_screen,,0,0,ok,ok,0.0,1,1,TURN LEFT,18.390181934678626,0,0,8,1,155.6
3195,3195,65,53.3,53.303,3.25,290.1,245.5,drawn_off_screen,drawn_off_screen,,0,0,ok,ok,0.0,1,1,TURN LEFT,18.16404485340001,0,0,8,1,155.2
3198,3198,66,53.35,53.353,3.3,290.1,245.2,ok,ok,0.0,6,1,ok,ok,0.0,1,1,TURN LEFT,17.940236300804187,0,0,8,1,154.8
3201,3201,67,53.4,53.403,3.35,290.0,245.0,ok,ok,0.0,6,1,ok,ok,0.0,1,1,TURN LEFT,17.744142137950004,0,0,8,1,154.2
3204,3204,68,53.45,53.453,3.4,290.0,244.8,ok,ok,0.0,6,1,ok,ok,0.0,1,1,TURN LEFT,17.508888499426785,0,0,8,1,153.4
3207,3207,69,53.5,53.504,3.45,290.0,244.6,ok,ok,0.0,6,1,ok,ok,0.0,1,1,TURN LEFT,17.305755883229654,0,0,8,1,152.7
3210,3210,70,53.55,53.554,3.5,289.9,244.3,ok,ok,0.0,6,1,ok,ok,0.0,7,1,TURN LEFT,17.108271215857002,0,0,8,1,151.8
3213,3213,71,53.6,53.604,3.55,289.8,244.1,ok,ok,0.0,6,1,ok,ok,0.0,7,1,TURN LEFT,16.903198375422146,0,0,8,1,150.8
3216,3216,72,53.65,53.654,3.6,289.8,243.9,ok,ok,0.0,6,1,ok,ok,0.0,7,1,TURN LEFT,16.70195989153683,0,0,8,1,149.6
3219,3219,73,53.7,53.704,3.65,289.7,243.6,ok,ok,0.0,7,1,ok,ok,0.0,7,1,TURN LEFT,16.473855876310573,0,0,8,1,148.1
3222,3222,74,53.75,53.754,3.7,289.6,243.3,ok,ok,0.0,7,1,ok,ok,0.0,7,1,TURN LEFT,16.24143976292963,0,0,8,1,146.8
3225,3225,75,53.8,53.804,3.75,289.6,243.1,ok,ok,0.0,8,1,ok,ok,0.0,7,1,TURN LEFT,16.04303156251443,0,0,8,1,145.5
3228,3228,76,53.85,53.854,3.8,289.5,242.9,ok,ok,0.0,8,1,ok,ok,0.0,8,1,TURN LEFT,15.833949598430934,0,0,8,1,144.6
3231,3231,77,53.9,53.904,3.85,289.5,242.6,ok,ok,0.0,8,1,ok,ok,0.0,8,1,TURN LEFT,15.645749736783658,0,0,8,1,143.7
3234,3234,78,53.95,53.954,3.9,289.4,242.4,ok,ok,0.0,8,1,ok,ok,0.0,8,1,TURN LEFT,15.455667139478065,0,0,8,1,142.7
3237,3237,79,54.0,54.004,3.95,289.4,242.2,ok,ok,0.0,8,1,ok,ok,0.0,9,1,TURN LEFT,15.258701456262651,0,0,8,1,142.0
3240,3240,80,54.05,54.054,4.0,289.3,242.0,ok,ok,0.0,8,1,ok,ok,0.0,9,1,TURN LEFT,15.061675442291708,0,0,8,1,141.4
3243,3243,81,54.1,54.104,4.05,289.3,241.7,ok,ok,0.0,8,1,ok,ok,0.0,9,1,TURN LEFT,14.865596894051203,0,0,8,1,140.8
3246,3246,82,54.15,54.154,4.1,289.2,241.5,ok,ok,0.0,9,1,ok,ok,0.0,9,1,TURN LEFT,14.673534906917768,0,0,8,1,140.1
3249,3249,83,54.2,54.204,4.15,289.1,241.2,ok,ok,0.0,9,1,ok,ok,0.0,9,1,TURN LEFT,14.475777791505417,0,0,8,1,139.4
3252,3252,84,54.25,54.254,4.2,,,hold_no_fix,no_fix,0.05,9,1,hold_no_fix,no_fix,0.05,9,1,TURN LEFT,14.475777791505417,0,0,8,1,139.4
3255,3255,85,54.3,54.304,4.25,289.0,240.9,ok,ok,0.0,9,1,ok,ok,0.0,9,1,TURN LEFT,14.271573761588597,0,0,8,1,138.6
3258,3258,86,54.35,54.354,4.3,288.9,240.7,ok,ok,0.0,9,1,ok,ok,0.0,10,1,TURN LEFT,14.088337847472005,0,0,8,1,138.0
3261,3261,87,54.4,54.404,4.35,288.8,240.4,ok,ok,0.0,10,1,ok,ok,0.0,10,1,TURN LEFT,13.887003158809947,0,0,8,1,137.0
3264,3264,88,54.45,54.454,4.4,288.7,240.2,ok,ok,0.0,10,1,ok,ok,0.0,10,1,TURN LEFT,13.694149446428597,0,0,8,1,136.2
3267,3267,89,54.5,54.505,4.45,288.6,239.9,ok,ok,0.0,10,1,ok,ok,0.0,10,1,TURN LEFT,13.520049736209128,0,0,8,1,135.7
3270,3270,90,54.55,54.555,4.5,288.5,239.7,ok,ok,0.0,10,1,ok,ok,0.0,10,1,TURN LEFT,13.349944895429939,0,0,8,1,135.4
3273,3273,91,54.6,54.605,4.55,288.4,239.4,ok,ok,0.0,10,1,ok,ok,0.0,10,1,TURN LEFT,13.202044830990683,0,0,8,1,135.1
3276,3276,92,54.65,54.655,4.6,288.3,239.2,ok,ok,0.0,10,1,ok,ok,0.0,11,1,TURN LEFT,13.03380541783105,0,0,8,1,134.6
3279,3279,93,54.7,54.705,4.65,,,hold_no_fix,no_fix,0.05,10,1,hold_no_fix,no_fix,0.05,11,1,TURN LEFT,13.03380541783105,0,0,8,1,134.6
3282,3282,94,54.75,54.755,4.7,288.1,238.9,ok,ok,0.0,11,1,ok,ok,0.0,11,1,TURN LEFT,12.897240177795107,0,0,8,1,133.7
3285,3285,95,54.8,54.805,4.75,288.0,238.7,ok,ok,0.0,11,1,ok,ok,0.0,11,1,TURN LEFT,12.744077152141436,0,0,8,1,132.7
3288,3288,96,54.85,54.855,4.8,287.9,238.4,ok,ok,0.0,11,1,ok,ok,0.0,12,1,TURN LEFT,12.564419527551685,0,0,8,1,131.7
3291,3291,97,54.9,54.905,4.85,287.8,238.1,ok,ok,0.0,11,1,ok,ok,0.0,11,1,TURN LEFT,12.410479514194085,0,0,8,1,130.7
3294,3294,98,54.95,54.955,4.9,287.7,237.9,ok,ok,0.0,11,1,ok,ok,0.0,11,1,TURN LEFT,12.271430199283985,0,0,8,1,129.6
3297,3297,99,55.01,55.005,4.95,287.6,237.6,ok,ok,0.0,11,1,ok,ok,0.0,11,1,TURN LEFT,12.138286020741093,0,0,8,1,128.6
3300,3300,100,55.06,55.055,5.0,287.5,237.4,ok,ok,0.0,11,1,ok,ok,0.0,11,1,TURN LEFT,12.031363475013826,0,0,8,1,127.8
3303,3303,101,55.11,55.105,5.05,287.3,237.2,ok,ok,0.0,11,1,ok,ok,0.0,11,1,TURN LEFT,11.93579216310558,0,0,8,1,127.0
3306,3306,102,55.16,55.155,5.1,287.2,236.9,ok,ok,0.0,5,1,ok,ok,0.0,11,1,TURN LEFT,11.85316674293978,0,0,8,1,126.1
3309,3309,103,55.21,55.205,5.15,287.1,236.7,ok,ok,0.0,5,1,ok,ok,0.0,11,1,TURN LEFT,11.79169734661941,0,0,8,1,125.4
3312,3312,104,55.26,55.255,5.2,286.9,236.5,ok,ok,0.0,5,1,ok,ok,0.0,11,1,TURN LEFT,11.730614868159783,0,0,8,1,124.7
3315,3315,105,55.31,55.305,5.25,286.8,236.3,ok,ok,0.0,5,1,ok,ok,0.0,11,1,TURN LEFT,11.67339681528083,0,0,8,1,124.2
3318,3318,106,55.36,55.355,5.3,286.7,236.1,ok,ok,0.0,5,1,ok,ok,0.0,5,1,TURN LEFT,11.635558325305807,0,0,8,1,123.8
3321,3321,107,55.41,55.405,5.35,286.5,236.0,ok,ok,0.0,5,1,ok,ok,0.0,5,1,TURN LEFT,11.62167825005483,0,0,8,1,123.4
3324,3324,108,55.46,55.455,5.4,286.4,235.8,ok,ok,0.0,5,1,ok,ok,0.0,5,1,TURN LEFT,11.59929519540696,0,0,8,1,122.9
3327,3327,109,55.51,55.506,5.45,286.3,235.6,ok,ok,0.0,5,1,ok,ok,0.0,5,1,TURN LEFT,11.583117655134997,0,0,8,1,122.3
3330,3330,110,55.56,55.556,5.5,286.1,235.4,ok,ok,0.0,5,1,ok,ok,0.0,5,1,TURN LEFT,11.569963040926025,0,0,8,1,121.8
3333,3333,111,55.61,55.606,5.55,286.0,235.3,ok,ok,0.0,5,1,ok,ok,0.0,5,1,TURN LEFT,11.566478775765459,0,0,8,1,121.1
3336,3336,112,55.66,55.656,5.6,285.9,235.1,ok,ok,0.0,5,1,ok,ok,0.0,5,1,TURN LEFT,11.585970808580104,0,0,8,1,120.3
3339,3339,113,55.71,55.706,5.65,285.7,235.0,ok,ok,0.0,5,1,ok,ok,0.0,5,1,TURN LEFT,11.608208391644238,0,0,8,1,119.7
3342,3342,114,55.76,55.756,5.7,285.6,234.8,ok,ok,0.0,5,1,ok,ok,0.0,5,1,TURN LEFT,11.63460994183001,0,0,8,1,119.0
3345,3345,115,55.81,55.806,5.75,285.4,234.6,ok,ok,0.0,5,1,ok,ok,0.0,5,1,TURN LEFT,11.671984299799657,0,0,8,1,118.4
3348,3348,116,55.86,55.856,5.8,285.3,234.5,ok,ok,0.0,5,1,ok,ok,0.0,5,1,TURN LEFT,11.682514098206385,0,0,8,1,117.6
3351,3351,117,55.91,55.906,5.85,285.1,234.3,ok,ok,0.0,5,1,ok,ok,0.0,5,1,TURN LEFT,11.745456693978163,0,0,8,1,117.1
3354,3354,118,55.96,55.956,5.9,284.9,234.2,ok,ok,0.0,5,1,ok,ok,0.0,5,1,TURN LEFT,11.815108491912646,0,0,8,1,116.6
3357,3357,119,56.01,56.006,5.95,284.8,234.1,ok,ok,0.0,5,1,ok,ok,0.0,5,1,TURN LEFT,11.889378645247673,0,0,8,1,116.2
3360,3360,120,56.06,56.056,6.0,284.6,233.9,ok,ok,0.0,5,1,ok,ok,0.0,5,1,TURN LEFT,11.980122057593364,0,0,8,1,115.8
3363,3363,121,56.11,56.106,6.05,284.4,233.7,ok,ok,0.0,5,1,ok,ok,0.0,5,1,TURN LEFT,12.02503198074709,0,0,8,1,115.2
3366,3366,122,56.16,56.156,6.1,284.3,233.6,ok,ok,0.0,5,1,ok,ok,0.0,5,1,TURN LEFT,12.08639600724895,0,0,8,1,114.5
3369,3369,123,56.21,56.206,6.15,284.1,233.4,ok,ok,0.0,5,1,ok,ok,0.0,5,1,TURN LEFT,12.143730620859065,0,0,8,1,113.6
3372,3372,124,56.26,56.256,6.2,284.0,233.3,ok,ok,0.0,4,1,ok,ok,0.0,5,1,TURN LEFT,12.211610982330072,0,0,8,1,112.8
3375,3375,125,56.31,56.306,6.25,283.8,233.1,ok,ok,0.0,4,1,ok,ok,0.0,5,1,TURN LEFT,12.284807760042,0,0,8,1,111.7
3378,3378,126,56.36,56.356,6.3,283.7,233.0,ok,ok,0.0,4,1,ok,ok,0.0,5,1,TURN LEFT,12.362498717807812,0,0,8,1,110.6
3381,3381,127,56.41,56.406,6.35,283.5,232.8,ok,ok,0.0,5,1,ok,ok,0.0,5,1,TURN LEFT,12.434075697218702,0,0,8,1,109.5
3384,3384,128,56.46,56.456,6.4,283.4,232.7,ok,ok,0.0,5,1,ok,ok,0.0,5,1,TURN LEFT,12.52649956778565,0,0,8,1,108.6
3387,3387,129,56.51,56.507,6.45,,,hold_no_fix,no_fix,0.05,5,1,hold_no_fix,no_fix,0.05,5,1,TURN LEFT,12.52649956778565,0,0,8,1,108.6
3390,3390,130,56.56,56.557,6.5,,,hold_no_fix,no_fix,0.1,5,1,hold_no_fix,no_fix,0.1,5,1,TURN LEFT,12.52649956778565,0,0,8,1,108.6
3393,3393,131,56.61,56.607,6.55,,,hold_no_fix,no_fix,0.15,5,1,hold_no_fix,no_fix,0.15,5,1,TURN LEFT,12.52649956778565,0,0,8,1,108.6
3396,3396,132,56.66,56.657,6.6,,,no_fix,no_fix,,0,0,no_fix,no_fix,,0,0,TURN LEFT,12.52649956778565,0,0,8,0,108.6
3399,3399,133,56.71,56.707,6.65,,,no_fix,no_fix,,0,0,no_fix,no_fix,,0,0,TURN LEFT,12.52649956778565,0,0,8,0,108.6
3402,3402,134,56.76,56.757,6.7,,,no_fix,no_fix,,0,0,no_fix,no_fix,,0,0,TURN LEFT,12.52649956778565,0,0,8,0,108.6
3405,3405,135,56.81,56.807,6.75,282.4,232.4,ok,ok,0.0,4,1,ok,ok,0.0,5,1,TURN LEFT,13.358547965814667,0,0,8,1,106.9
3408,3408,136,56.86,56.857,6.8,282.1,232.2,ok,ok,0.0,4,1,ok,ok,0.0,5,1,TURN LEFT,13.536634478104512,0,0,8,1,105.9
3411,3411,137,56.91,56.907,6.85,281.8,232.0,ok,ok,0.0,4,1,ok,ok,0.0,5,1,TURN LEFT,13.739660855673538,0,0,8,1,105.3
3414,3414,138,56.96,56.957,6.9,,,hold_no_fix,no_fix,0.05,4,1,hold_no_fix,no_fix,0.05,5,1,TURN LEFT,13.739660855673538,0,0,8,1,105.3
3417,3417,139,57.01,57.007,6.95,281.5,231.7,ok,ok,0.0,4,1,ok,ok,0.0,5,1,TURN LEFT,14.042987462594116,0,0,8,1,104.2
3420,3420,140,57.06,57.057,7.0,,,hold_no_fix,no_fix,0.05,4,1,hold_no_fix,no_fix,0.05,5,1,TURN LEFT,14.042987462594116,0,0,8,1,104.2
3423,3423,141,57.11,57.107,7.05,281.1,231.5,ok,ok,0.0,4,1,ok,ok,0.0,5,1,TURN LEFT,14.363551170212931,0,0,8,1,103.2
3426,3426,142,57.16,57.157,7.1,,,hold_no_fix,no_fix,0.05,4,1,hold_no_fix,no_fix,0.05,5,1,TURN LEFT,14.363551170212931,0,0,8,1,103.2
3429,3429,143,57.21,57.207,7.15,,,hold_no_fix,no_fix,0.1,4,1,hold_no_fix,no_fix,0.1,5,1,TURN LEFT,14.363551170212931,0,0,8,1,103.2
3432,3432,144,57.26,57.257,7.2,,,hold_no_fix,no_fix,0.15,4,1,hold_no_fix,no_fix,0.15,5,1,TURN LEFT,14.363551170212931,0,0,8,1,103.2
3435,3435,145,57.31,57.307,7.25,,,no_fix,no_fix,,0,0,no_fix,no_fix,,0,0,TURN LEFT,14.363551170212931,0,0,8,0,103.2
3438,3438,146,57.36,57.357,7.3,,,no_fix,no_fix,,0,0,no_fix,no_fix,,0,0,TURN LEFT,14.363551170212931,0,0,8,0,103.2
3441,3441,147,57.41,57.407,7.35,280.0,231.3,ok,ok,0.0,4,1,ok,ok,0.0,5,1,TURN LEFT,15.36838663469861,0,0,8,1,101.8
3444,3444,148,57.46,57.457,7.4,279.6,231.0,ok,ok,0.0,4,1,ok,ok,0.0,5,1,TURN LEFT,15.647016704985914,0,0,8,1,100.7
3447,3447,149,57.51,57.508,7.45,,,hold_no_fix,no_fix,0.05,4,1,hold_no_fix,no_fix,0.05,5,1,TURN LEFT,15.647016704985914,0,0,8,1,100.7
3450,3450,150,57.56,57.558,7.5,,,hold_no_fix,no_fix,0.1,4,1,hold_no_fix,no_fix,0.1,5,1,TURN LEFT,15.647016704985914,0,0,8,1,100.7
3453,3453,151,57.61,57.608,7.55,,,hold_no_fix,no_fix,0.15,4,1,hold_no_fix,no_fix,0.15,5,1,TURN LEFT,15.647016704985914,0,0,8,1,100.7
3456,3456,152,57.66,57.658,7.6,278.8,230.8,ok,ok,0.0,4,1,ok,ok,0.0,5,1,TURN LEFT,16.42696930519436,0,0,8,1,98.8
3459,3459,153,57.71,57.708,7.65,278.5,230.6,ok,ok,0.0,4,1,ok,ok,0.0,5,1,TURN LEFT,16.695328209192716,0,0,8,1,97.4
3462,3462,154,57.76,57.758,7.7,278.2,230.4,ok,ok,0.0,4,1,ok,ok,0.0,5,1,TURN LEFT,16.955501119384635,0,0,8,1,96.4
3465,3465,155,57.81,57.808,7.75,278.0,230.2,ok,ok,0.0,4,1,ok,ok,0.0,5,1,TURN LEFT,17.18318221977048,0,0,8,1,95.5
3468,3468,156,57.86,57.858,7.8,,,hold_no_fix,no_fix,0.05,4,1,hold_no_fix,no_fix,0.05,5,1,TURN LEFT,17.18318221977048,0,0,8,1,95.5
3471,3471,157,57.91,57.908,7.85,,,hold_no_fix,no_fix,0.1,4,1,hold_no_fix,no_fix,0.1,5,1,TURN LEFT,17.18318221977048,0,0,8,1,95.5
3474,3474,158,57.96,57.958,7.9,277.3,230.0,ok,ok,0.0,4,1,ok,ok,0.0,4,1,TURN LEFT,17.800202878030074,0,0,8,1,94.5
3477,3477,159,58.01,58.008,7.95,277.0,229.8,ok,ok,0.0,4,1,ok,ok,0.0,4,1,TURN LEFT,18.05830256688384,0,0,8,1,93.8
3480,3480,160,58.06,58.058,8.0,276.7,229.7,ok,ok,0.0,4,1,ok,ok,0.0,4,1,TURN LEFT,18.330903896175016,0,0,8,1,93.3
3483,3483,161,58.11,58.108,8.05,276.5,229.6,ok,ok,0.0,4,1,ok,ok,0.0,4,1,TURN LEFT,18.562041391258628,0,0,8,1,93.0
3486,3486,162,58.16,58.158,8.1,276.2,229.5,ok,ok,0.0,4,1,ok,ok,0.0,4,1,TURN LEFT,18.82850699220886,0,0,8,1,92.8
3489,3489,163,58.21,58.208,8.15,276.0,229.4,ok,ok,0.0,4,1,ok,ok,0.0,4,1,TURN LEFT,19.081514946091225,0,0,8,1,92.8
3492,3492,164,58.26,58.258,8.2,275.7,229.3,ok,ok,0.0,4,1,ok,ok,0.0,4,1,TURN LEFT,19.337861967389046,0,0,8,1,92.6
3495,3495,165,58.31,58.308,8.25,275.5,229.2,ok,ok,0.0,4,1,ok,ok,0.0,4,1,TURN LEFT,19.582185108780685,0,0,8,1,92.6
3498,3498,166,58.36,58.358,8.3,275.2,229.2,ok,ok,0.0,4,1,ok,ok,0.0,4,1,TURN LEFT,19.840568104930455,0,0,8,1,92.6
3501,3501,167,58.41,58.408,8.35,274.9,229.1,ok,ok,0.0,4,1,ok,ok,0.0,4,1,TURN LEFT,20.078979431752,0,0,8,1,92.6
3504,3504,168,58.46,58.458,8.4,274.7,229.0,ok,ok,0.0,4,1,ok,ok,0.0,4,1,TURN LEFT,20.337387419396002,0,0,8,1,92.5
3507,3507,169,58.51,58.509,8.45,274.4,228.9,ok,ok,0.0,4,1,ok,ok,0.0,4,1,TURN LEFT,20.585359984903203,0,0,8,1,92.5
3510,3510,170,58.56,58.559,8.5,274.2,228.9,ok,ok,0.0,4,1,ok,ok,0.0,4,1,TURN LEFT,20.82913584371087,0,0,8,1,92.7
3513,3513,171,58.61,58.609,8.55,274.0,228.8,ok,ok,0.0,4,1,ok,ok,0.0,4,1,TURN LEFT,21.06402584196815,0,0,8,1,92.8
3516,3516,172,58.66,58.659,8.6,273.7,228.7,ok,ok,0.0,4,1,ok,ok,0.0,4,1,TURN LEFT,21.30257911794065,0,0,8,1,92.8
3519,3519,173,58.71,58.709,8.65,273.5,228.7,ok,ok,0.0,4,1,ok,ok,0.0,4,1,TURN LEFT,21.548122321683845,0,0,8,1,92.9
3522,3522,174,58.76,58.759,8.7,273.2,228.6,ok,ok,0.0,4,1,ok,ok,0.0,4,1,TURN LEFT,21.783179949153343,0,0,8,1,92.7
3525,3525,175,58.81,58.809,8.75,273.0,228.6,ok,ok,0.0,4,1,ok,ok,0.0,4,1,TURN LEFT,22.02546098101932,0,0,8,1,92.6
3528,3528,176,58.86,58.859,8.8,272.7,228.5,ok,ok,0.0,4,1,ok,ok,0.0,4,1,TURN LEFT,22.269970365553785,0,0,8,1,92.4
3531,3531,177,58.91,58.909,8.85,272.5,228.5,ok,ok,0.0,4,1,ok,ok,0.0,4,1,TURN LEFT,22.507137057607572,0,0,8,1,91.9
3534,3534,178,58.96,58.959,8.9,272.2,228.4,ok,ok,0.0,4,1,ok,ok,0.0,4,1,TURN LEFT,22.755741813612467,0,0,8,1,91.4
3537,3537,179,59.01,59.009,8.95,272.0,228.4,ok,ok,0.0,3,1,ok,ok,0.0,4,1,TURN LEFT,23.00912777416489,0,0,8,1,91.2
3540,3540,180,59.06,59.059,9.0,271.7,228.3,ok,ok,0.0,3,1,ok,ok,0.0,4,1,TURN LEFT,23.25755660977326,0,0,8,1,91.1
3543,3543,181,59.11,59.109,9.05,271.5,228.3,ok,ok,0.0,3,1,ok,ok,0.0,4,1,TURN LEFT,23.506174150776076,0,0,8,1,91.0
3546,3546,182,59.16,59.159,9.1,271.2,228.2,ok,ok,0.0,3,1,ok,ok,0.0,4,1,TURN LEFT,23.760732619322482,0,0,8,1,90.9
3549,3549,183,59.21,59.209,9.15,271.0,228.2,ok,ok,0.0,3,1,ok,ok,0.0,4,1,TURN LEFT,24.025353398536396,0,0,8,1,90.8
3552,3552,184,59.26,59.259,9.2,270.7,228.1,ok,ok,0.0,3,1,ok,ok,0.0,4,1,TURN LEFT,24.2755256450926,0,0,8,1,90.9
3555,3555,185,59.31,59.309,9.25,270.5,228.1,ok,ok,0.0,3,1,ok,ok,0.0,4,1,TURN LEFT,24.513241746436915,0,0,8,1,91.0
3558,3558,186,59.36,59.359,9.3,270.2,228.0,ok,ok,0.0,3,1,ok,ok,0.0,4,1,TURN LEFT,24.775597740554147,0,0,8,1,91.0
3561,3561,187,59.41,59.409,9.35,270.0,228.0,ok,ok,0.0,3,1,ok,ok,0.0,4,1,TURN LEFT,25.030637084748705,0,0,8,1,91.0
3564,3564,188,59.46,59.459,9.4,269.7,228.0,ok,ok,0.0,3,1,ok,ok,0.0,4,1,TURN LEFT,25.2883098911922,0,0,8,1,91.0
3567,3567,189,59.51,59.51,9.45,269.5,227.9,ok,ok,0.0,3,1,ok,ok,0.0,4,1,TURN LEFT,25.546883808470053,0,0,8,1,90.9
3570,3570,190,59.56,59.56,9.5,269.2,227.9,ok,ok,0.0,3,1,ok,ok,0.0,4,1,TURN LEFT,25.80819947406408,0,0,8,1,91.1
3573,3573,191,59.61,59.61,9.55,268.9,227.9,ok,ok,0.0,4,1,ok,ok,0.0,4,1,TURN LEFT,26.05651605736131,0,0,8,1,91.3
3576,3576,192,59.66,59.66,9.6,268.7,227.8,ok,ok,0.0,4,1,ok,ok,0.0,4,1,TURN LEFT,26.31717793184456,0,0,8,1,91.6
3579,3579,193,59.71,59.71,9.65,268.4,227.8,ok,ok,0.0,4,1,ok,ok,0.0,4,1,TURN LEFT,26.579882566241004,0,0,8,1,91.9
3582,3582,194,59.76,59.76,9.7,268.2,227.8,ok,ok,0.0,4,1,ok,ok,0.0,4,1,TURN LEFT,26.83611631466564,0,0,8,1,92.1
3585,3585,195,59.81,59.81,9.75,267.9,227.7,ok,ok,0.0,4,1,ok,ok,0.0,5,1,TURN LEFT,27.093848936521955,0,0,8,1,92.4
3588,3588,196,59.86,59.86,9.8,267.6,227.7,ok,ok,0.0,4,1,ok,ok,0.0,5,1,TURN LEFT,27.353007973399993,0,0,8,1,92.7
3591,3591,197,59.91,59.91,9.85,267.4,227.7,ok,ok,0.0,4,1,ok,ok,0.0,5,1,TURN LEFT,27.615281034258345,0,0,8,1,93.0
3594,3594,198,59.96,59.96,9.9,267.1,227.6,ok,ok,0.0,4,1,ok,ok,0.0,5,1,TURN LEFT,27.867299130172086,0,0,8,1,93.2
3597,3597,199,60.01,60.01,9.95,266.9,227.6,ok,ok,0.0,4,1,ok,ok,0.0,5,1,TURN LEFT,28.122552159151223,0,0,8,1,93.1
3600,3600,200,60.06,60.06,10.0,266.6,227.6,ok,ok,0.0,4,1,ok,ok,0.0,5,1,TURN LEFT,28.379259136584505,0,0,8,1,92.9
3603,3603,201,60.11,60.11,10.05,266.4,227.5,ok,ok,0.0,4,1,ok,ok,0.0,5,1,TURN LEFT,28.640811210074,0,0,8,1,92.7
3606,3606,202,60.16,60.16,10.1,266.1,227.5,ok,ok,0.0,4,1,ok,ok,0.0,5,1,TURN LEFT,28.892780904537023,0,0,8,1,92.4
3609,3609,203,60.21,60.21,10.15,265.9,227.5,ok,ok,0.0,4,1,ok,ok,0.0,5,1,TURN LEFT,29.141575518643805,0,0,8,1,91.9
3612,3612,204,60.26,60.26,10.2,265.6,227.4,ok,ok,0.0,4,1,ok,ok,0.0,5,1,TURN LEFT,29.37296678238424,0,0,8,1,91.6
3615,3615,205,60.31,60.31,10.25,265.4,227.4,ok,ok,0.0,4,1,ok,ok,0.0,5,1,TURN LEFT,29.63970677047663,0,0,8,1,91.3
3618,3618,206,60.36,60.36,10.3,265.1,227.4,ok,ok,0.0,4,1,ok,ok,0.0,5,1,TURN LEFT,29.879062768101498,0,0,8,1,91.2
3621,3621,207,60.41,60.41,10.35,264.9,227.3,ok,ok,0.0,4,1,ok,ok,0.0,5,1,TURN LEFT,30.11893020387845,0,0,8,1,91.1
3624,3624,208,60.46,60.46,10.4,264.6,227.3,ok,ok,0.0,4,1,ok,ok,0.0,5,1,TURN LEFT,30.364187476696912,0,0,8,1,91.1
3627,3627,209,60.51,60.511,10.45,264.4,227.3,ok,ok,0.0,4,1,ok,ok,0.0,5,1,TURN LEFT,30.61340529683998,0,0,8,1,91.1
3630,3630,210,60.56,60.561,10.5,,,hold_no_fix,no_fix,0.05,4,1,hold_no_fix,no_fix,0.05,5,1,TURN LEFT,30.61340529683998,0,0,8,1,91.1
3633,3633,211,60.61,60.611,10.55,263.9,227.2,ok,ok,0.0,4,1,ok,ok,0.0,4,1,TURN LEFT,31.09988112901786,0,0,8,1,91.2
3636,3636,212,60.66,60.661,10.6,263.7,227.2,ok,ok,0.0,4,1,ok,ok,0.0,4,1,TURN LEFT,31.350825973824172,0,0,8,1,91.3
3639,3639,213,60.71,60.711,10.65,263.4,227.2,ok,ok,0.0,4,1,ok,ok,0.0,4,1,TURN LEFT,31.595060568708018,0,0,8,1,91.4
3642,3642,214,60.76,60.761,10.7,263.2,227.1,ok,ok,0.0,4,1,ok,ok,0.0,4,1,TURN LEFT,31.847233310266144,0,0,8,1,91.6
3645,3645,215,60.81,60.811,10.75,262.9,227.1,ok,ok,0.0,4,1,ok,ok,0.0,4,1,TURN LEFT,32.08906971559226,0,0,8,1,91.8
3648,3648,216,60.86,60.861,10.8,262.7,227.1,ok,ok,0.0,4,1,ok,ok,0.0,4,1,TURN LEFT,32.315937970977146,0,0,8,1,92.2
3651,3651,217,60.91,60.911,10.85,262.5,227.1,ok,ok,0.0,4,1,ok,ok,0.0,4,1,TURN LEFT,32.551538640988845,0,0,8,1,92.5
3654,3654,218,60.96,60.961,10.9,262.2,227.1,ok,ok,0.0,4,1,ok,ok,0.0,4,1,TURN LEFT,32.79217646021494,0,0,8,1,92.7
3657,3657,219,61.01,61.011,10.95,262.0,227.0,ok,ok,0.0,4,1,ok,ok,0.0,4,1,TURN LEFT,33.035511968971804,0,0,8,1,92.7
3660,3660,220,61.06,61.061,11.0,261.7,227.0,ok,ok,0.0,4,1,ok,ok,0.0,4,1,TURN LEFT,33.272662370428726,0,0,8,1,92.7
3663,3663,221,61.11,61.111,11.05,261.5,227.0,ok,ok,0.0,4,1,ok,ok,0.0,4,1,TURN LEFT,33.50320202169776,0,0,8,1,92.8
3666,3666,222,61.16,61.161,11.1,261.3,227.0,ok,ok,0.0,4,1,ok,ok,0.0,4,1,TURN LEFT,33.73274264323569,0,0,8,1,92.9
3669,3669,223,61.21,61.211,11.15,261.0,227.0,ok,ok,0.0,4,1,ok,ok,0.0,4,1,TURN LEFT,33.97901246097319,0,0,8,1,93.0
3672,3672,224,61.26,61.261,11.2,260.8,227.0,ok,ok,0.0,4,1,ok,ok,0.0,4,1,TURN LEFT,34.23760777574477,0,0,8,1,93.0
3675,3675,225,61.31,61.311,11.25,260.5,226.9,ok,ok,0.0,4,1,ok,ok,0.0,4,1,TURN LEFT,34.475863839781105,0,0,8,1,92.9
3678,3678,226,61.36,61.361,11.3,260.3,226.9,ok,ok,0.0,4,1,ok,ok,0.0,4,1,TURN LEFT,34.72110603493907,0,0,8,1,92.9
3681,3681,227,61.41,61.411,11.35,260.1,226.9,ok,ok,0.0,4,1,ok,ok,0.0,4,1,TURN LEFT,34.96596261864148,0,0,8,1,92.8
3684,3684,228,61.46,61.461,11.4,259.8,226.8,ok,ok,0.0,4,1,ok,ok,0.0,4,1,TURN LEFT,35.20814860163542,0,0,8,1,92.7
3687,3687,229,61.51,61.512,11.45,259.6,226.8,ok,ok,0.0,4,1,ok,ok,0.0,4,1,TURN LEFT,35.40691531309528,0,0,8,1,92.3
3690,3690,230,61.56,61.562,11.5,259.4,226.8,ok,ok,0.0,4,1,ok,ok,0.0,4,1,TURN LEFT,35.647986870875634,0,0,8,1,92.1
3693,3693,231,61.61,61.612,11.55,,,hold_no_fix,no_fix,0.05,4,1,hold_no_fix,no_fix,0.05,4,1,TURN LEFT,35.647986870875634,0,0,8,1,92.1
3696,3696,232,61.66,61.662,11.6,258.9,226.7,ok,ok,0.0,4,1,ok,ok,0.0,4,1,TURN LEFT,36.12081227836175,0,0,8,1,92.1
3699,3699,233,61.71,61.712,11.65,258.7,226.7,ok,ok,0.0,4,1,ok,ok,0.0,4,1,TURN LEFT,36.35124678437481,0,0,8,1,92.2
3702,3702,234,61.76,61.762,11.7,258.4,226.6,ok,ok,0.0,4,1,ok,ok,0.0,4,1,TURN LEFT,36.57871102558387,0,0,8,1,92.3
3705,3705,235,61.81,61.812,11.75,,,hold_no_fix,no_fix,0.05,4,1,hold_no_fix,no_fix,0.05,4,1,TURN LEFT,36.57871102558387,0,0,8,1,92.3
3708,3708,236,61.86,61.862,11.8,258.0,226.6,hold_high_reproj_error,high_reproj_error,0.1,4,1,hold_high_reproj_error,high_reproj_error,0.1,4,1,TURN LEFT,37.065775482506844,0,0,8,1,92.5
3711,3711,237,61.91,61.912,11.85,,,hold_no_fix,no_fix,0.15,4,1,hold_no_fix,no_fix,0.15,4,1,TURN LEFT,37.065775482506844,0,0,8,1,92.5
3714,3714,238,61.96,61.962,11.9,,,no_fix,no_fix,,0,0,no_fix,no_fix,,0,0,TURN LEFT,37.065775482506844,0,0,8,1,92.5
3717,3717,239,62.01,62.012,11.95,,,no_fix,no_fix,,0,0,no_fix,no_fix,,0,0,TURN LEFT,37.065775482506844,0,0,8,1,92.5
3720,3720,240,62.06,62.062,12.0,,,no_fix,no_fix,,0,0,no_fix,no_fix,,0,0,TURN LEFT,37.065775482506844,0,0,8,0,92.5
3723,3723,241,62.11,62.112,12.05,,,no_fix,no_fix,,0,0,no_fix,no_fix,,0,0,TURN LEFT,37.065775482506844,0,0,8,0,92.5
3726,3726,242,62.16,62.162,12.1,,,no_fix,no_fix,,0,0,no_fix,no_fix,,0,0,TURN LEFT,37.065775482506844,0,0,8,0,92.5
3729,3729,243,62.21,62.212,12.15,256.3,226.4,ok,ok,0.0,3,1,ok,ok,0.0,4,1,TURN LEFT,38.70028445130657,0,0,8,1,93.5
3732,3732,244,62.26,62.262,12.2,256.1,226.4,ok,ok,0.0,3,1,ok,ok,0.0,4,1,TURN LEFT,38.90641870122089,0,0,8,1,94.2
3735,3735,245,62.31,62.312,12.25,255.9,226.4,ok,ok,0.0,3,1,ok,ok,0.0,4,1,TURN LEFT,39.150427042646356,0,0,8,1,94.6
3738,3738,246,62.36,62.362,12.3,255.6,226.3,ok,ok,0.0,3,1,ok,ok,0.0,4,1,TURN LEFT,39.38663224154361,0,0,8,1,94.8
3741,3741,247,62.41,62.412,12.35,255.4,226.3,ok,ok,0.0,3,1,ok,ok,0.0,4,1,TURN LEFT,39.61014332841078,0,0,8,1,95.1
3744,3744,248,62.46,62.462,12.4,255.2,226.3,ok,ok,0.0,3,1,ok,ok,0.0,4,1,TURN LEFT,39.82695243657181,0,0,8,1,95.4
3747,3747,249,62.51,62.513,12.45,255.0,226.2,ok,ok,0.0,3,1,ok,ok,0.0,4,1,TURN LEFT,40.03988256516467,0,0,8,1,95.5
3750,3750,250,62.56,62.563,12.5,254.8,226.2,ok,ok,0.0,3,1,ok,ok,0.0,4,1,TURN LEFT,40.26394563022526,0,0,8,1,95.5
3753,3753,251,62.61,62.613,12.55,254.6,226.2,ok,ok,0.0,3,1,ok,ok,0.0,4,1,TURN LEFT,40.48715335729613,0,0,8,1,95.6
3756,3756,252,62.66,62.663,12.6,254.3,226.1,ok,ok,0.0,3,1,ok,ok,0.0,4,1,TURN LEFT,40.708442692675945,0,0,8,1,95.8
3759,3759,253,62.71,62.713,12.65,254.1,226.1,ok,ok,0.0,3,1,ok,ok,0.0,4,1,TURN LEFT,40.916083355795294,0,0,8,1,95.9
3762,3762,254,62.76,62.763,12.7,253.9,226.1,ok,ok,0.0,3,1,ok,ok,0.0,4,1,TURN LEFT,41.132288873721734,0,0,8,1,95.9
3765,3765,255,62.81,62.813,12.75,253.7,226.0,ok,ok,0.0,3,1,ok,ok,0.0,4,1,TURN LEFT,41.35568002957405,0,0,8,1,95.8
3768,3768,256,62.86,62.863,12.8,253.5,226.0,ok,ok,0.0,3,1,ok,ok,0.0,4,1,TURN LEFT,41.56764235412738,0,0,8,1,95.5
3771,3771,257,62.91,62.913,12.85,253.3,225.9,ok,ok,0.0,3,1,ok,ok,0.0,4,1,TURN LEFT,41.78350439711904,0,0,8,1,95.2
3774,3774,258,62.96,62.963,12.9,253.0,225.9,ok,ok,0.0,3,1,ok,ok,0.0,4,1,TURN LEFT,42.008810603417324,0,0,8,1,95.0
3777,3777,259,63.01,63.013,12.95,252.8,225.9,ok,ok,0.0,3,1,ok,ok,0.0,3,1,TURN LEFT,42.23409341981637,0,0,8,1,94.9
3780,3780,260,63.06,63.063,13.0,252.6,225.8,ok,ok,0.0,3,1,ok,ok,0.0,3,1,TURN LEFT,42.456138420261944,0,0,8,1,94.9
3783,3783,261,63.11,63.113,13.05,252.4,225.8,ok,ok,0.0,3,1,ok,ok,0.0,3,1,TURN LEFT,42.66884072071551,0,0,8,1,94.9
3786,3786,262,63.16,63.163,13.1,252.2,225.7,ok,ok,0.0,3,1,ok,ok,0.0,3,1,TURN LEFT,42.87334422175568,0,0,8,1,94.9
3789,3789,263,63.21,63.213,13.15,252.0,225.7,ok,ok,0.0,3,1,ok,ok,0.0,3,1,TURN LEFT,43.08138695186242,0,0,8,1,94.9
3792,3792,264,63.26,63.263,13.2,251.8,225.6,ok,ok,0.0,3,1,ok,ok,0.0,3,1,TURN LEFT,43.284203772427475,0,0,8,1,94.9
3795,3795,265,63.31,63.313,13.25,251.6,225.6,ok,ok,0.0,3,1,ok,ok,0.0,3,1,TURN LEFT,43.48511098192939,0,0,8,1,94.9
3798,3798,266,63.36,63.363,13.3,251.4,225.5,ok,ok,0.0,3,1,ok,ok,0.0,3,1,TURN LEFT,43.680946245742454,0,0,8,1,94.9
3801,3801,267,63.41,63.413,13.35,251.2,225.5,ok,ok,0.0,3,1,ok,ok,0.0,3,1,TURN LEFT,43.877847602987835,0,0,8,1,94.9
3804,3804,268,63.46,63.463,13.4,251.0,225.5,ok,ok,0.0,3,1,ok,ok,0.0,3,1,TURN LEFT,44.05752052903701,0,0,8,1,94.9
3807,3807,269,63.51,63.514,13.45,250.8,225.5,ok,ok,0.0,3,1,ok,ok,0.0,3,1,TURN LEFT,44.245895583707714,0,0,8,1,94.9
3810,3810,270,63.56,63.564,13.5,250.6,225.4,ok,ok,0.0,3,1,ok,ok,0.0,3,1,TURN LEFT,44.45423910595426,0,0,8,1,94.8
3813,3813,271,63.61,63.614,13.55,250.4,225.4,ok,ok,0.0,3,1,ok,ok,0.0,3,1,TURN LEFT,44.64335578538112,0,0,8,1,94.9
3816,3816,272,63.66,63.664,13.6,250.2,225.3,ok,ok,0.0,3,1,ok,ok,0.0,3,1,TURN LEFT,44.84177218971386,0,0,8,1,95.0
3819,3819,273,63.71,63.714,13.65,250.0,225.3,ok,ok,0.0,3,1,ok,ok,0.0,3,1,GO STRAIGHT,,0,0,8,1,95.2
3822,3822,274,63.76,63.764,13.7,249.8,225.3,ok,ok,0.0,3,1,ok,ok,0.0,3,1,GO STRAIGHT,,0,0,8,1,95.4
3825,3825,275,63.81,63.814,13.75,249.6,225.3,ok,ok,0.0,3,1,ok,ok,0.0,3,1,GO STRAIGHT,,0,0,8,1,95.7
3828,3828,276,63.86,63.864,13.8,249.4,225.3,ok,ok,0.0,4,1,ok,ok,0.0,3,1,GO STRAIGHT,,0,0,8,1,96.0
3831,3831,277,63.91,63.914,13.85,249.2,225.2,ok,ok,0.0,4,1,ok,ok,0.0,3,1,GO STRAIGHT,,0,0,8,1,96.1
3834,3834,278,63.96,63.964,13.9,249.0,225.2,ok,ok,0.0,4,1,ok,ok,0.0,3,1,GO STRAIGHT,,0,0,8,1,96.0
3837,3837,279,64.01,64.014,13.95,248.8,225.2,ok,ok,0.0,4,1,ok,ok,0.0,4,1,GO STRAIGHT,,0,0,8,1,95.8
3840,3840,280,64.06,64.064,14.0,248.6,225.1,ok,ok,0.0,4,1,ok,ok,0.0,4,1,GO STRAIGHT,,0,0,8,1,95.7
3843,3843,281,64.11,64.114,14.05,248.4,225.1,ok,ok,0.0,4,1,ok,ok,0.0,4,1,GO STRAIGHT,,0,0,8,1,95.6
3846,3846,282,64.16,64.164,14.1,248.2,225.0,ok,ok,0.0,4,1,ok,ok,0.0,4,1,GO STRAIGHT,,0,0,8,1,95.4
3849,3849,283,64.21,64.214,14.15,248.0,225.0,ok,ok,0.0,4,1,ok,ok,0.0,4,1,GO STRAIGHT,,0,0,8,1,95.3
3852,3852,284,64.26,64.264,14.2,247.8,225.0,ok,ok,0.0,4,1,ok,ok,0.0,4,1,GO STRAIGHT,,0,0,8,1,95.0
3855,3855,285,64.31,64.314,14.25,247.6,224.9,ok,ok,0.0,4,1,ok,ok,0.0,4,1,GO STRAIGHT,,0,0,8,1,94.7
3858,3858,286,64.36,64.364,14.3,247.4,224.9,ok,ok,0.0,4,1,ok,ok,0.0,4,1,GO STRAIGHT,,0,0,8,1,94.3
3861,3861,287,64.41,64.414,14.35,247.2,224.8,ok,ok,0.0,4,1,ok,ok,0.0,4,1,GO STRAIGHT,,0,0,8,1,94.0
3864,3864,288,64.46,64.464,14.4,246.9,224.8,ok,ok,0.0,4,1,ok,ok,0.0,4,1,GO STRAIGHT,,0,0,8,1,93.9
3867,3867,289,64.51,64.515,14.45,246.7,224.7,ok,ok,0.0,4,1,ok,ok,0.0,4,1,GO STRAIGHT,,0,0,8,1,93.7
3870,3870,290,64.56,64.565,14.5,246.5,224.7,ok,ok,0.0,4,1,ok,ok,0.0,4,1,GO STRAIGHT,,0,0,8,1,93.6
3873,3873,291,64.61,64.615,14.55,246.3,224.7,ok,ok,0.0,4,1,ok,ok,0.0,4,1,GO STRAIGHT,,0,0,8,1,93.6
3876,3876,292,64.66,64.665,14.6,246.1,224.6,ok,ok,0.0,4,1,ok,ok,0.0,4,1,GO STRAIGHT,,0,0,8,1,93.6
3879,3879,293,64.71,64.715,14.65,245.9,224.6,ok,ok,0.0,4,1,ok,ok,0.0,4,1,GO STRAIGHT,,0,0,8,1,93.6
3882,3882,294,64.76,64.765,14.7,245.6,224.6,ok,ok,0.0,4,1,ok,ok,0.0,4,1,GO STRAIGHT,,0,0,8,1,93.7
3885,3885,295,64.81,64.815,14.75,245.4,224.6,ok,ok,0.0,3,1,ok,ok,0.0,4,1,GO STRAIGHT,,0,0,8,1,93.8
3888,3888,296,64.86,64.865,14.8,245.2,224.5,ok,ok,0.0,3,1,ok,ok,0.0,4,1,GO STRAIGHT,,0,0,8,1,93.9
3891,3891,297,64.91,64.915,14.85,245.0,224.5,ok,ok,0.0,3,1,ok,ok,0.0,4,1,GO STRAIGHT,,0,0,8,1,93.9
3894,3894,298,64.96,64.965,14.9,244.8,224.5,ok,ok,0.0,3,1,ok,ok,0.0,4,1,GO STRAIGHT,,0,0,8,1,93.9
3897,3897,299,65.02,65.015,14.95,244.5,224.5,ok,ok,0.0,3,1,ok,ok,0.0,4,1,GO STRAIGHT,,0,0,8,1,94.0
3900,3900,300,65.07,65.065,15.0,244.3,224.4,ok,ok,0.0,3,1,ok,ok,0.0,4,1,GO STRAIGHT,,0,0,8,1,94.3
3903,3903,301,65.12,65.115,15.05,244.1,224.4,ok,ok,0.0,3,1,ok,ok,0.0,4,1,GO STRAIGHT,,0,0,8,1,94.5
3906,3906,302,65.17,65.165,15.1,243.8,224.4,ok,ok,0.0,3,1,ok,ok,0.0,4,1,GO STRAIGHT,,0,0,8,1,94.5
3909,3909,303,65.22,65.215,15.15,243.6,224.4,ok,ok,0.0,3,1,ok,ok,0.0,4,1,GO STRAIGHT,,0,0,8,1,94.6
3912,3912,304,65.27,65.265,15.2,243.4,224.3,ok,ok,0.0,3,1,ok,ok,0.0,4,1,GO STRAIGHT,,0,0,8,1,94.8
3915,3915,305,65.32,65.315,15.25,243.2,224.3,ok,ok,0.0,3,1,ok,ok,0.0,4,1,GO STRAIGHT,,0,0,8,1,95.1
3918,3918,306,65.37,65.365,15.3,242.9,224.3,ok,ok,0.0,3,1,ok,ok,0.0,4,1,GO STRAIGHT,,0,0,8,1,95.4
3921,3921,307,65.42,65.415,15.35,242.7,224.2,ok,ok,0.0,3,1,ok,ok,0.0,4,1,GO STRAIGHT,,0,0,8,1,95.6
3924,3924,308,65.47,65.465,15.4,242.5,224.2,ok,ok,0.0,3,1,ok,ok,0.0,4,1,GO STRAIGHT,,0,0,8,1,95.8
3927,3927,309,65.52,65.516,15.45,242.2,224.2,ok,ok,0.0,3,1,ok,ok,0.0,4,1,GO STRAIGHT,,0,0,8,1,95.8
3930,3930,310,65.57,65.566,15.5,242.0,224.2,ok,ok,0.0,3,1,ok,ok,0.0,4,1,GO STRAIGHT,,0,0,8,1,95.7
3933,3933,311,65.62,65.616,15.55,241.8,224.1,ok,ok,0.0,3,1,ok,ok,0.0,4,1,GO STRAIGHT,,0,0,8,1,95.4
3936,3936,312,65.67,65.666,15.6,241.5,224.1,ok,ok,0.0,3,1,ok,ok,0.0,4,1,GO STRAIGHT,,0,0,8,1,95.1
3939,3939,313,65.72,65.716,15.65,241.3,224.1,ok,ok,0.0,3,1,ok,ok,0.0,4,1,GO STRAIGHT,,0,0,8,1,94.9
3942,3942,314,65.77,65.766,15.7,241.1,224.0,ok,ok,0.0,3,1,ok,ok,0.0,3,1,GO STRAIGHT,,0,0,8,1,94.8
3945,3945,315,65.82,65.816,15.75,240.8,224.0,ok,ok,0.0,3,1,ok,ok,0.0,3,1,GO STRAIGHT,,0,0,8,1,94.6
3948,3948,316,65.87,65.866,15.8,240.6,223.9,ok,ok,0.0,3,1,ok,ok,0.0,3,1,GO STRAIGHT,,0,0,8,1,94.5
3951,3951,317,65.92,65.916,15.85,240.4,223.9,ok,ok,0.0,3,1,ok,ok,0.0,3,1,GO STRAIGHT,,0,0,8,1,94.6
3954,3954,318,65.97,65.966,15.9,240.1,223.9,ok,ok,0.0,3,1,ok,ok,0.0,3,1,GO STRAIGHT,,0,0,8,1,94.7
3957,3957,319,66.02,66.016,15.95,239.9,223.8,ok,ok,0.0,3,1,ok,ok,0.0,3,1,GO STRAIGHT,,0,0,8,1,94.7
3960,3960,320,66.07,66.066,16.0,239.7,223.8,ok,ok,0.0,3,1,ok,ok,0.0,3,1,GO STRAIGHT,,0,0,8,1,94.8
3963,3963,321,66.12,66.116,16.05,239.4,223.8,ok,ok,0.0,3,1,ok,ok,0.0,3,1,GO STRAIGHT,,0,0,8,1,94.8
3966,3966,322,66.17,66.166,16.1,239.2,223.8,ok,ok,0.0,3,1,ok,ok,0.0,3,1,GO STRAIGHT,,0,0,8,1,94.8
3969,3969,323,66.22,66.216,16.15,238.9,223.7,ok,ok,0.0,3,1,ok,ok,0.0,3,1,GO STRAIGHT,,0,0,8,1,94.9
3972,3972,324,66.27,66.266,16.2,238.7,223.7,ok,ok,0.0,3,1,ok,ok,0.0,3,1,GO STRAIGHT,,0,0,8,1,95.0
3975,3975,325,66.32,66.316,16.25,238.5,223.7,ok,ok,0.0,3,1,ok,ok,0.0,3,1,GO STRAIGHT,,0,0,8,1,95.3
3978,3978,326,66.37,66.366,16.3,238.2,223.7,ok,ok,0.0,3,1,ok,ok,0.0,3,1,GO STRAIGHT,,0,0,8,1,95.6
3981,3981,327,66.42,66.416,16.35,238.0,223.6,ok,ok,0.0,3,1,ok,ok,0.0,3,1,GO STRAIGHT,,0,0,8,1,95.8
3984,3984,328,66.47,66.466,16.4,237.8,223.6,ok,ok,0.0,3,1,ok,ok,0.0,3,1,GO STRAIGHT,,0,0,8,1,96.0
3987,3987,329,66.52,66.517,16.45,237.5,223.6,ok,ok,0.0,3,1,ok,ok,0.0,3,1,GO STRAIGHT,,0,0,8,1,96.1
3990,3990,330,66.57,66.567,16.5,237.3,223.6,ok,ok,0.0,3,1,ok,ok,0.0,3,1,GO STRAIGHT,,0,0,8,1,96.3
3993,3993,331,66.62,66.617,16.55,237.1,223.6,ok,ok,0.0,3,1,ok,ok,0.0,3,1,GO STRAIGHT,,0,0,8,1,96.6
3996,3996,332,66.67,66.667,16.6,236.8,223.5,ok,ok,0.0,3,1,ok,ok,0.0,3,1,GO STRAIGHT,,0,0,8,1,96.7
3999,3999,333,66.72,66.717,16.65,236.6,223.5,ok,ok,0.0,3,1,ok,ok,0.0,3,1,GO STRAIGHT,,0,0,8,1,96.8
4002,4002,334,66.77,66.767,16.7,236.3,223.5,ok,ok,0.0,3,1,ok,ok,0.0,3,1,GO STRAIGHT,,0,0,8,1,96.8
4005,4005,335,66.82,66.817,16.75,236.1,223.5,ok,ok,0.0,3,1,ok,ok,0.0,3,1,GO STRAIGHT,,0,0,8,1,96.8
4008,4008,336,66.87,66.867,16.8,235.9,223.4,ok,ok,0.0,3,1,ok,ok,0.0,3,1,GO STRAIGHT,,0,0,8,1,96.7
4011,4011,337,66.92,66.917,16.85,235.7,223.4,ok,ok,0.0,3,1,ok,ok,0.0,3,1,GO STRAIGHT,,0,0,8,1,96.5
4014,4014,338,66.97,66.967,16.9,235.4,223.4,ok,ok,0.0,3,1,ok,ok,0.0,3,1,GO STRAIGHT,,0,0,8,1,96.2
4017,4017,339,67.02,67.017,16.95,235.2,223.3,ok,ok,0.0,3,1,ok,ok,0.0,3,1,GO STRAIGHT,,0,0,8,1,95.9
4020,4020,340,67.07,67.067,17.0,234.9,223.3,ok,ok,0.0,3,1,ok,ok,0.0,3,1,GO STRAIGHT,,0,0,8,1,95.8
4023,4023,341,67.12,67.117,17.05,234.7,223.2,ok,ok,0.0,3,1,ok,ok,0.0,3,1,GO STRAIGHT,,0,0,8,1,95.8
4026,4026,342,67.17,67.167,17.1,234.5,223.2,ok,ok,0.0,3,1,ok,ok,0.0,3,1,GO STRAIGHT,,0,0,8,1,95.9
4029,4029,343,67.22,67.217,17.15,234.3,223.2,ok,ok,0.0,3,1,ok,ok,0.0,3,1,GO STRAIGHT,,0,0,8,1,95.9
4032,4032,344,67.27,67.267,17.2,234.0,223.1,ok,ok,0.0,3,1,ok,ok,0.0,3,1,GO STRAIGHT,,0,0,8,1,95.9
4035,4035,345,67.32,67.317,17.25,,,hold_no_fix,no_fix,0.05,3,1,hold_no_fix,no_fix,0.05,3,1,GO STRAIGHT,,0,0,8,1,95.9
4038,4038,346,67.37,67.367,17.3,233.6,223.0,ok,ok,0.0,2,1,ok,ok,0.0,3,1,GO STRAIGHT,,0,0,8,1,95.9
4041,4041,347,67.42,67.417,17.35,233.4,223.0,ok,ok,0.0,2,1,ok,ok,0.0,3,1,GO STRAIGHT,,0,0,8,1,96.1
4044,4044,348,67.47,67.467,17.4,233.2,222.9,ok,ok,0.0,2,1,ok,ok,0.0,3,1,GO STRAIGHT,,0,0,8,1,96.1
4047,4047,349,67.52,67.518,17.45,232.9,222.9,ok,ok,0.0,2,1,ok,ok,0.0,3,1,GO STRAIGHT,,0,0,8,1,96.1
4050,4050,350,67.57,67.568,17.5,232.7,222.9,ok,ok,0.0,2,1,ok,ok,0.0,3,1,GO STRAIGHT,,0,0,8,1,96.1
4053,4053,351,67.62,67.618,17.55,232.5,222.8,ok,ok,0.0,2,1,ok,ok,0.0,3,1,GO STRAIGHT,,0,0,8,1,96.1
4056,4056,352,67.67,67.668,17.6,232.3,222.8,ok,ok,0.0,2,1,ok,ok,0.0,3,1,GO STRAIGHT,,0,0,8,1,96.1
4059,4059,353,67.72,67.718,17.65,232.1,222.8,ok,ok,0.0,2,1,ok,ok,0.0,3,1,GO STRAIGHT,,0,0,8,1,96.1
4062,4062,354,67.77,67.768,17.7,231.8,222.7,ok,ok,0.0,2,1,ok,ok,0.0,3,1,GO STRAIGHT,,0,0,8,1,96.2
4065,4065,355,67.82,67.818,17.75,231.6,222.7,ok,ok,0.0,2,1,ok,ok,0.0,3,1,GO STRAIGHT,,0,0,8,1,96.2
4068,4068,356,67.87,67.868,17.8,231.4,222.7,ok,ok,0.0,2,1,ok,ok,0.0,3,1,GO STRAIGHT,,0,0,8,1,96.2
4071,4071,357,67.92,67.918,17.85,231.1,222.6,ok,ok,0.0,2,1,ok,ok,0.0,3,1,GO STRAIGHT,,0,0,8,1,96.3
4074,4074,358,67.97,67.968,17.9,230.9,222.6,ok,ok,0.0,2,1,ok,ok,0.0,3,1,GO STRAIGHT,,0,0,8,1,96.3
4077,4077,359,68.02,68.018,17.95,230.7,222.6,ok,ok,0.0,2,1,ok,ok,0.0,3,1,GO STRAIGHT,,0,0,8,1,96.5
4080,4080,360,68.07,68.068,18.0,230.4,222.5,ok,ok,0.0,2,1,ok,ok,0.0,3,1,GO STRAIGHT,,0,0,8,1,96.6
4083,4083,361,68.12,68.118,18.05,230.2,222.5,ok,ok,0.0,2,1,ok,ok,0.0,3,1,GO STRAIGHT,,0,0,8,1,96.6
4086,4086,362,68.17,68.168,18.1,230.0,222.4,ok,ok,0.0,1,1,ok,ok,0.0,3,1,GO STRAIGHT,,0,0,8,1,96.6
4089,4089,363,68.22,68.218,18.15,229.8,222.4,ok,ok,0.0,1,1,ok,ok,0.0,3,1,GO STRAIGHT,,0,0,8,1,96.4
4092,4092,364,68.27,68.268,18.2,229.5,222.3,ok,ok,0.0,1,1,ok,ok,0.0,1,1,GO STRAIGHT,,0,0,8,1,96.0
4095,4095,365,68.32,68.318,18.25,229.3,222.3,ok,ok,0.0,1,1,ok,ok,0.0,1,1,GO STRAIGHT,,0,0,8,1,95.4
4098,4098,366,68.37,68.368,18.3,229.1,222.2,ok,ok,0.0,1,1,ok,ok,0.0,1,1,GO STRAIGHT,,0,0,8,1,94.7
