t_sec,frame_idx,success,rejection_reason,tracking_mode,num_inliers,reproj_err,raw_x,raw_y,x,y,heading,rel_rot_deg,tx,ty,tz,ar_reason,n_carets,localize_time
0.0,0,False,localize_failed,lost_or_held,,,,,,,,,,,,,,0.335
0.3,1,False,localize_failed,lost_or_held,,,,,,,,,,,,,,0.168
0.6,2,False,localize_failed,lost_or_held,,,,,,,,,,,,,,0.181
0.9,3,False,localize_failed,lost_or_held,,,,,,,,,,,,,,0.18
1.2,4,False,localize_failed,lost_or_held,,,,,,,,,,,,,,0.173
1.502,5,False,localize_failed,lost_or_held,,,,,,,,,,,,,,0.168
1.802,6,False,localize_failed,lost_or_held,,,,,,,,,,,,,,0.167
2.102,7,False,localize_failed,lost_or_held,,,,,,,,,,,,,,0.176
2.402,8,False,localize_failed,lost_or_held,,,,,,,,,,,,,,0.165
2.702,9,False,localize_failed,lost_or_held,,,,,,,,,,,,,,0.164
3.002,10,False,localize_failed,lost_or_held,,,,,,,,,,,,,,0.163
3.302,11,True,,stabilizing,,,,,,,,,,,,,,0.175
3.602,12,True,,stabilizing,,,,,,,,,,,,,,0.165
3.902,13,True,,visual_fix,41,3.75005699426353,317.9,108.3,317.9,105.3,90.5,,0.025,-0.107,0.701,ok,6,0.166
4.203,14,True,,visual_fix,39,4.145243894946145,317.1,109.4,317.2,109.1,90.0,0.95,0.021,-0.091,0.677,ok,6,0.166
4.503,15,True,,visual_fix,38,3.6789943780163474,318.1,112.3,317.6,111.3,90.4,1.27,0.026,-0.08,0.623,ok,6,0.17
4.803,16,True,,visual_fix,34,4.089914594061765,318.3,116.0,317.8,114.8,90.4,0.52,0.036,-0.039,0.554,ok,6,0.168
5.103,17,True,,visual_fix,37,3.8209629919132597,314.5,116.5,316.9,116.7,89.5,2.52,-0.018,-0.088,0.533,ok,5,0.17
5.403,18,True,,visual_fix,36,4.407912794423345,318.4,120.1,317.3,119.6,90.0,2.42,0.035,-0.062,0.47,ok,6,0.165
5.703,19,True,,visual_fix,38,3.453431154373679,311.0,124.6,315.9,123.3,88.6,4.12,-0.075,-0.067,0.372,ok,5,0.173
6.003,20,True,,visual_fix,34,3.9895866988824613,316.8,124.9,316.1,125.5,88.6,2.02,0.019,-0.079,0.371,ok,5,0.166
6.303,21,True,,visual_fix,32,4.22810155430166,315.3,130.7,316.0,129.2,88.6,2.23,-0.01,0.023,0.262,ok,6,0.183
6.603,22,True,,visual_fix,43,3.7597185429708166,318.5,130.4,316.5,131.4,89.7,4.09,0.039,-0.071,0.27,ok,5,0.163
6.905,23,True,,visual_fix,40,5.015865537730731,318.5,132.5,316.9,133.5,90.3,0.28,0.04,-0.074,0.228,ok,4,0.181
7.205,24,True,,visual_fix,27,4.484636125966907,318.6,135.6,317.2,135.9,91.1,0.8,0.04,-0.077,0.167,ok,4,0.173
7.505,25,True,,visual_fix,33,4.703108783798549,318.6,138.4,317.5,138.5,91.8,0.88,0.04,-0.031,0.114,ok,6,0.169
7.805,26,True,,visual_fix,16,2.8171033643809724,313.1,141.7,316.9,141.2,90.5,3.72,-0.057,-0.052,0.04,ok,6,0.172
8.105,27,True,,visual_fix,15,2.5890641523154128,318.6,138.7,317.1,142.5,91.1,2.8,0.042,-0.062,0.108,ok,5,0.179
8.405,28,True,,visual_fix,13,3.122813437548936,316.3,146.3,317.0,145.3,90.8,1.88,0.003,-0.004,-0.043,ok,6,0.178
8.705,29,True,,visual_fix,14,1.1910112917723956,318.8,143.0,317.1,146.6,91.7,2.76,0.047,-0.065,0.025,ok,5,0.171
9.005,30,True,,visual_fix,14,2.740938554295978,314.6,151.2,316.8,149.5,90.9,4.4,-0.028,0.046,-0.137,ok,6,0.18
9.305,31,True,,visual_fix,18,3.739649667444367,314.9,154.2,316.4,152.6,90.2,0.47,-0.025,0.037,-0.196,ok,6,0.169
9.607,32,True,,visual_fix,16,1.8471065933073942,318.9,150.4,316.8,153.8,91.2,4.32,0.055,-0.058,-0.118,ok,5,0.174
9.907,33,True,,visual_fix,18,1.9274373242545293,316.5,155.4,316.7,155.9,91.3,5.01,0.014,0.095,-0.209,ok,6,0.165
10.207,34,True,,visual_fix,16,1.1916276431644408,318.9,155.7,317.0,157.5,91.8,4.69,0.062,-0.059,-0.22,ok,4,0.168
10.507,35,True,,visual_fix,16,1.466194094263062,322.5,158.7,317.8,159.5,93.4,2.95,0.143,-0.059,-0.264,ok,5,0.177
10.807,36,True,,visual_fix,14,2.2842751352428863,315.6,160.0,317.4,161.3,92.4,4.13,-0.005,-0.055,-0.31,ok,5,0.179
11.107,37,True,,visual_fix,14,2.1470136918981964,318.3,162.6,317.5,163.3,92.9,2.39,0.061,-0.067,-0.352,ok,4,0.168
11.407,38,True,,visual_fix,14,3.2779786327354903,317.0,166.4,317.3,165.6,92.9,7.29,0.038,0.166,-0.41,ok,6,0.166
11.707,39,True,,visual_fix,15,2.3097192468915932,323.4,169.6,318.1,168.3,95.8,9.03,0.209,-0.043,-0.458,ok,5,0.187
12.007,40,True,,visual_fix,14,2.0332735253208143,328.6,174.7,319.2,171.4,100.0,6.0,0.375,-0.009,-0.498,ok,6,0.168
12.308,41,True,,visual_fix,15,1.9392792373481502,328.0,177.2,320.3,174.6,102.6,0.42,0.38,-0.007,-0.545,ok,6,0.17
12.608,42,True,implausible_visual_jump,lost_or_held,,,,,,,,,,,,,,0.167
12.908,43,True,implausible_visual_jump,lost_or_held,,,,,,,,,,,,,,0.183
13.208,44,True,,visual_fix,17,2.2488826440294196,324.7,153.0,320.9,171.1,102.2,5.35,0.187,-0.023,-0.126,ok,6,0.174
13.508,45,True,,visual_fix,16,2.7126066561791733,323.1,152.2,321.6,165.9,101.9,0.7,0.155,-0.037,-0.12,ok,6,0.171
13.808,46,True,,visual_fix,22,3.661316049482501,329.3,156.2,323.7,162.2,103.4,4.29,0.296,-0.08,-0.146,ok,3,0.162
14.108,47,True,,visual_fix,15,2.797118043076829,321.0,158.7,323.3,161.5,102.9,5.16,0.146,0.008,-0.252,ok,6,0.155
14.408,48,True,,visual_fix,20,3.4709595113281835,326.8,162.1,324.1,161.6,103.7,4.57,0.276,-0.075,-0.276,ok,3,0.154
14.708,49,True,,visual_fix,18,1.8917813096712848,331.1,164.0,325.0,162.1,105.1,2.27,0.375,-0.069,-0.272,ok,3,0.163
15.01,50,True,,visual_fix,17,3.5686044766041474,317.8,162.8,323.9,162.5,103.5,5.92,0.098,-0.235,-0.337,ok,6,0.163
15.31,51,True,,visual_fix,18,3.0022025680737716,326.4,164.8,324.2,163.1,103.4,4.01,0.274,-0.041,-0.336,ok,6,0.165
15.61,52,True,,visual_fix,20,2.475663115842406,327.7,167.4,324.8,164.5,103.5,1.48,0.312,-0.082,-0.375,ok,3,0.156
15.91,53,True,,visual_fix,19,3.511433367505034,326.9,167.5,325.0,165.4,103.4,0.66,0.295,-0.088,-0.383,ok,3,0.162
16.21,54,True,,visual_fix,18,2.504639556675081,326.5,172.1,325.0,167.2,103.0,1.04,0.301,-0.067,-0.475,ok,4,0.167
16.51,55,True,,visual_fix,23,2.656963704795507,325.8,176.5,324.8,170.6,102.3,6.13,0.291,-0.398,-0.522,ok,6,0.166
16.81,56,True,,visual_fix,24,3.6480652316171414,317.7,170.8,323.2,171.4,100.5,4.46,0.101,-0.209,-0.491,ok,4,0.163
17.11,57,True,,visual_fix,21,3.4895613827984158,323.9,178.6,323.1,174.2,100.4,3.5,0.256,-0.053,-0.621,ok,6,0.165
17.412,58,True,,visual_fix,24,3.845383211786145,316.3,185.2,321.4,178.4,98.5,4.45,0.085,-0.172,-0.773,ok,0,0.164
17.712,59,True,,visual_fix,24,2.8593577018949876,299.3,185.5,316.9,182.0,94.3,7.27,-0.314,-0.24,-0.782,ok,3,0.164
18.012,60,True,,visual_fix,24,2.9954568543984883,317.2,188.8,316.7,185.2,95.4,7.57,0.113,-0.271,-0.828,ok,5,0.158
18.312,61,True,,visual_fix,20,2.6740476120514796,305.1,184.2,314.4,186.5,92.8,7.12,-0.209,-0.27,-0.755,ok,6,0.149
18.612,62,True,,visual_fix,21,3.8520677710837163,317.5,191.2,314.9,189.2,93.6,5.38,0.09,-0.302,-0.873,ok,6,0.166
18.912,63,True,,visual_fix,19,2.81493272989204,297.5,194.4,312.6,192.0,90.2,8.92,-0.403,-0.22,-0.934,ok,2,0.168
19.212,64,True,,visual_fix,25,2.9303154866113035,299.6,194.3,309.9,194.3,88.6,1.23,-0.358,-0.17,-0.941,ok,0,0.16
19.512,65,True,,visual_fix,26,3.234117919251967,296.6,195.5,307.3,196.3,86.6,2.47,-0.452,-0.141,-0.946,ok,0,0.167
19.812,66,True,,visual_fix,23,3.9271405166669116,300.1,196.9,305.9,198.0,86.4,1.97,-0.361,-0.156,-0.988,ok,0,0.169
20.113,67,True,,visual_fix,24,3.8196999783167245,298.9,197.0,304.6,199.2,86.0,1.28,-0.392,-0.102,-0.989,ok,2,0.17
20.413,68,True,,visual_fix,21,3.1762659383486005,305.0,198.0,304.7,200.2,86.6,1.84,-0.256,-0.118,-1.021,ok,1,0.167
20.713,69,True,,visual_fix,21,3.0666809991355746,297.1,202.6,303.3,202.2,85.1,3.98,-0.471,-0.075,-1.073,ok,3,0.169
21.013,70,True,,visual_fix,20,2.7399740446659115,298.1,203.1,302.4,203.8,84.6,1.57,-0.439,-0.03,-1.092,ok,4,0.167
21.313,71,True,,visual_fix,19,2.993412269771658,299.8,203.1,302.2,205.1,84.6,1.1,-0.401,0.004,-1.097,ok,6,0.17
21.613,72,True,,visual_fix,21,2.499676745869108,303.7,202.9,302.6,205.6,85.2,1.49,-0.305,-0.025,-1.106,ok,5,0.183
21.913,73,True,,visual_fix,21,3.340913856383324,301.4,204.4,302.4,206.3,85.1,1.0,-0.365,-0.012,-1.126,ok,6,0.168
22.213,74,True,,visual_fix,20,3.504978375653849,298.9,209.5,301.9,208.3,84.5,2.13,-0.447,0.063,-1.203,ok,0,0.173
22.513,75,True,,visual_fix,22,3.6130975438790975,299.5,205.5,301.5,208.5,84.2,0.82,-0.421,0.094,-1.131,ok,0,0.165
22.815,76,True,,visual_fix,19,2.6419569547098223,300.2,208.6,301.4,209.6,84.0,0.41,-0.417,0.08,-1.188,ok,0,0.171
23.115,77,True,,visual_fix,22,3.5465561487563293,299.2,211.9,301.1,211.2,83.7,0.63,-0.453,0.084,-1.243,ok,0,0.167
23.415,78,True,,visual_fix,24,3.3515923234055767,299.3,212.5,300.9,212.5,83.5,0.76,-0.451,0.118,-1.252,ok,0,0.163
23.715,79,True,,visual_fix,24,3.4554300298570735,300.1,214.5,300.8,214.1,83.7,0.86,-0.431,0.092,-1.295,ok,0,0.164
24.015,80,True,,visual_fix,19,3.0345679073077725,300.1,216.7,300.9,215.7,83.5,0.54,-0.446,0.107,-1.33,ok,0,0.157
24.315,81,True,,visual_fix,18,2.6773985714628945,299.3,219.4,300.8,217.6,83.1,0.67,-0.482,0.124,-1.372,ok,0,0.152
24.615,82,True,,visual_fix,24,3.278090298116024,301.9,219.8,301.2,219.4,83.6,1.64,-0.398,0.143,-1.396,ok,0,0.164
24.915,83,True,,visual_fix,20,3.5611334751631736,302.2,220.6,301.5,220.8,83.9,0.9,-0.393,0.127,-1.412,ok,0,0.156
25.215,84,True,,visual_fix,24,3.623020393300852,300.9,223.4,301.6,222.6,83.5,1.27,-0.452,0.12,-1.452,ok,0,0.166
25.517,85,True,,visual_fix,24,2.592454328803152,306.1,223.9,302.6,224.2,84.6,3.16,-0.287,0.076,-1.492,ok,0,0.165
25.817,86,True,,visual_fix,23,2.5333359873798935,305.7,227.2,303.3,226.2,85.2,0.25,-0.3,0.061,-1.55,ok,0,0.157
26.117,87,True,,visual_fix,23,3.1458158063265986,305.3,230.3,303.8,228.5,85.2,0.59,-0.327,0.065,-1.603,ok,0,0.161
26.417,88,True,,visual_fix,26,3.917205466948558,301.8,234.6,303.6,231.5,84.2,2.62,-0.463,0.113,-1.654,ok,0,0.166
26.717,89,True,,visual_fix,25,3.5930359252266975,302.3,236.7,303.6,234.3,83.9,0.72,-0.444,0.133,-1.696,ok,0,0.173
27.017,90,True,,visual_fix,19,3.926929646240525,303.1,234.6,303.7,235.9,84.0,0.95,-0.409,0.101,-1.667,ok,0,0.17
27.317,91,True,,visual_fix,20,3.4796689748409557,310.9,240.3,305.3,238.7,85.9,4.3,-0.15,0.151,-1.801,ok,0,0.177
27.617,92,True,,visual_fix,19,3.8285769519584805,304.6,241.0,305.4,240.8,84.9,4.51,-0.403,0.107,-1.784,ok,0,0.168
27.917,93,True,,visual_fix,18,3.096287538012358,308.4,243.0,305.9,242.9,85.5,2.69,-0.266,0.029,-1.844,ok,0,0.161
28.217,94,True,,visual_fix,16,3.7010733952961354,303.7,248.5,305.9,245.8,83.5,4.98,-0.519,0.043,-1.896,ok,0,0.173
28.517,95,True,,visual_fix,17,3.402570507051379,304.7,248.9,305.9,248.2,82.4,0.97,-0.505,0.094,-1.904,ok,0,0.172
28.817,96,True,,visual_fix,17,4.1775004663048,314.7,254.7,307.5,251.5,85.2,7.63,-0.079,0.209,-2.062,ok,0,0.183
29.118,97,True,,visual_fix,17,2.5984571659890494,316.2,256.5,309.0,254.6,86.6,1.49,-0.058,0.137,-2.102,ok,0,0.173
29.418,98,True,,visual_fix,15,1.9575039721299785,309.3,254.5,309.3,256.4,84.0,7.72,-0.445,0.002,-2.022,ok,0,0.174
29.718,99,True,,visual_fix,14,3.760494591783421,312.9,261.6,310.0,259.4,83.3,3.56,-0.342,0.199,-2.162,ok,0,0.174
30.018,100,True,,visual_fix,14,2.9504011207292615,311.0,259.7,310.5,261.3,81.6,4.72,-0.483,-0.023,-2.109,ok,0,0.167
30.318,101,True,,visual_fix,18,2.824026475537306,312.2,262.1,311.1,263.3,80.1,1.36,-0.514,-0.056,-2.146,ok,0,0.158
30.618,102,True,,visual_fix,11,2.79020855257177,302.8,266.7,310.6,265.7,74.3,11.7,-1.07,0.253,-2.009,ok,0,0.169
30.918,103,True,,visual_fix,13,4.158918084041462,315.6,267.5,311.7,267.9,75.9,10.16,-0.48,0.271,-2.239,ok,0,0.174
31.218,104,False,localize_failed,lost_or_held,,,,,,,,,,,,,,0.155
31.518,105,True,,visual_fix,13,3.1802822459633884,316.7,273.0,313.5,272.7,75.4,3.06,-0.604,0.291,-2.31,ok,0,0.152
31.818,106,True,,visual_fix,17,4.420168134916417,302.8,280.9,312.6,276.4,62.5,18.22,-1.57,0.353,-1.966,ok,0,0.169
32.118,107,True,,visual_fix,18,3.2354606341699954,304.3,281.9,312.1,279.3,59.2,0.33,-1.564,0.363,-1.991,ok,0,0.157
32.418,108,True,,visual_fix,11,3.001362008073241,306.6,284.1,312.4,281.9,57.4,0.94,-1.561,0.334,-2.046,ok,0,0.172
32.718,109,True,,visual_fix,15,2.8658282985234775,310.3,281.5,313.0,283.3,58.4,6.32,-1.303,0.572,-2.119,ok,0,0.166
33.02,110,True,,visual_fix,15,3.6097139958084705,312.9,281.8,313.8,284.4,59.9,2.33,-1.191,0.517,-2.206,ok,0,0.162
33.32,111,True,,visual_fix,13,3.0637219476295967,314.4,283.9,314.7,285.9,60.9,1.0,-1.17,0.574,-2.246,ok,0,0.163
33.62,112,True,,visual_fix,13,4.5446265996361985,315.3,286.5,315.7,287.6,60.9,1.23,-1.221,0.602,-2.267,ok,0,0.173
33.92,113,True,,visual_fix,12,3.108868311944142,315.7,289.5,316.6,289.4,60.2,1.5,-1.3,0.6,-2.287,ok,0,0.151
34.22,114,True,,visual_fix,12,2.910646550436864,317.1,291.3,317.6,291.3,60.2,0.99,-1.264,0.605,-2.345,ok,0,0.163
34.52,115,True,,visual_fix,12,2.941077792581531,318.9,293.0,318.7,293.2,60.9,1.4,-1.191,0.622,-2.417,ok,0,0.164
34.82,116,True,,visual_fix,12,2.5662812091590794,317.8,297.2,319.6,295.4,59.0,5.13,-1.42,0.638,-2.373,ok,0,0.169
35.12,117,True,,visual_fix,12,3.947547454852464,320.9,297.4,320.7,297.4,60.6,5.95,-1.157,0.615,-2.528,ok,0,0.163
35.42,118,True,,visual_fix,13,3.9651553745752155,322.2,299.9,321.9,299.5,61.9,0.84,-1.127,0.644,-2.586,ok,0,0.163
35.72,119,True,,visual_fix,10,3.426956414063479,323.5,301.6,323.0,301.5,63.2,1.66,-1.048,0.697,-2.643,ok,0,0.159
36.02,120,True,,visual_fix,10,2.906613969805422,324.8,303.9,324.2,303.6,62.9,2.84,-1.166,0.619,-2.663,ok,0,0.165
36.32,121,False,localize_failed,lost_or_held,,,,,,,,,,,,,,0.164
36.62,122,False,localize_failed,lost_or_held,,,,,,,,,,,,,,0.175
36.922,123,True,,visual_fix,11,3.651718321602681,327.5,286.1,325.2,303.0,72.8,15.13,-0.325,0.444,-2.603,ok,0,0.195
37.222,124,False,localize_failed,lost_or_held,,,,,,,,,,,,,,0.206
37.522,125,False,localize_failed,lost_or_held,,,,,,,,,,,,,,0.204
37.822,126,False,localize_failed,lost_or_held,,,,,,,,,,,,,,0.19
38.122,127,False,localize_failed,lost_or_held,,,,,,,,,,,,,,0.189
38.422,128,True,,visual_fix,12,3.9612149921998965,331.8,293.0,326.8,303.4,78.0,6.88,0.024,0.264,-2.784,ok,0,0.185
38.722,129,True,,visual_fix,13,3.8713007986854158,334.1,293.8,327.6,301.3,81.5,2.23,0.14,0.33,-2.797,ok,0,0.189
39.022,130,True,,visual_fix,12,2.922286557102465,332.1,289.7,327.9,298.7,83.3,0.77,0.097,0.313,-2.721,ok,0,0.198
39.322,131,True,,visual_fix,14,4.202759188140412,334.9,299.5,329.1,299.5,85.4,2.51,0.253,0.33,-2.895,ok,0,0.186
39.622,132,True,,visual_fix,18,5.358697085320916,333.6,303.0,330.1,301.1,86.2,1.16,0.184,0.293,-2.963,ok,0,0.17
39.922,133,True,,visual_fix,18,3.3096586010950046,333.2,302.5,330.6,302.0,86.6,0.82,0.18,0.295,-2.952,ok,0,0.181
40.222,134,True,,visual_fix,17,4.7559720051023024,333.4,295.8,331.0,301.0,87.2,1.12,0.233,0.237,-2.835,ok,0,0.179
40.522,135,True,,visual_fix,17,3.877488189738026,335.8,307.1,331.8,303.0,88.4,1.97,0.376,0.256,-3.03,ok,0,0.192
40.822,136,True,,visual_fix,19,5.162519984918398,333.6,304.9,332.1,304.0,88.3,1.92,0.246,0.302,-2.992,ok,0,0.182
41.123,137,True,,visual_fix,14,2.7721653234803245,334.4,319.6,332.5,307.8,88.4,1.7,0.27,0.45,-3.238,ok,0,0.182
41.423,138,True,,visual_fix,16,3.2377434826337135,336.9,309.2,333.2,309.0,89.5,3.02,0.45,0.324,-3.056,ok,0,0.169
41.723,139,True,,visual_fix,16,2.868135870052036,333.7,320.6,333.3,312.7,88.9,2.91,0.234,0.337,-3.269,ok,0,0.199
42.023,140,True,implausible_visual_jump,lost_or_held,,,,,,,,,,,,,,0.2
42.323,141,True,,visual_fix,14,3.0456922761478524,334.8,308.2,333.5,313.6,89.3,1.74,0.349,0.315,-3.044,ok,0,0.183
42.623,142,True,,visual_fix,15,5.008711962673574,338.6,311.1,334.3,313.6,90.2,2.36,0.522,0.399,-3.077,ok,0,0.181
42.923,143,True,,visual_fix,14,3.479578455547201,330.5,306.0,333.8,312.6,89.0,4.58,0.151,0.482,-2.983,ok,0,0.198
43.223,144,True,,visual_fix,13,2.7662272562483667,335.9,311.1,334.1,312.8,89.3,3.23,0.361,0.28,-3.102,ok,0,0.2
43.523,145,True,,visual_fix,12,2.0718593413894912,340.0,299.1,334.9,310.1,90.2,2.48,0.53,0.392,-2.864,ok,0,0.204
43.823,146,True,,visual_fix,15,3.6305350599216255,337.1,302.4,335.2,308.2,90.2,2.76,0.414,0.144,-2.955,ok,0,0.199
44.123,147,True,,visual_fix,18,4.099350341441756,336.5,304.5,335.4,307.3,90.2,0.71,0.403,0.159,-2.99,ok,0,0.185
44.423,148,True,,visual_fix,15,3.327616352340333,339.9,307.3,336.1,307.3,90.8,3.47,0.552,0.432,-3.005,ok,0,0.207
44.723,149,True,,visual_fix,15,4.511681723438621,337.7,332.0,336.3,313.8,91.0,3.05,0.48,0.302,-3.465,ok,0,0.193
45.025,150,True,,visual_fix,15,4.345298572478482,336.3,316.4,336.3,315.1,90.6,2.25,0.401,0.368,-3.185,ok,0,0.206
45.325,151,True,,visual_fix,16,3.9753384811468626,334.4,329.5,336.0,319.4,89.9,1.17,0.301,0.413,-3.417,ok,0,0.199
45.625,152,True,,visual_fix,15,3.4841364484976594,342.2,316.8,336.9,319.6,91.0,3.74,0.648,0.31,-3.183,ok,0,0.192
45.925,153,True,,visual_fix,15,3.479259951967277,334.3,322.0,336.5,321.0,90.0,4.5,0.272,0.17,-3.308,ok,0,0.19
46.225,154,True,,visual_fix,12,3.4810951922321767,338.4,343.2,336.7,326.8,90.6,2.72,0.512,0.233,-3.67,ok,0,0.178
46.525,155,True,,visual_fix,15,3.4021452253306887,340.8,324.7,337.3,327.4,90.9,1.63,0.558,0.279,-3.339,ok,0,0.187
46.825,156,True,,visual_fix,11,3.5659911451524606,339.2,348.6,337.5,333.3,91.0,1.92,0.515,0.158,-3.772,ok,0,0.179
47.125,157,True,,visual_fix,17,3.030157902601409,343.5,330.9,338.4,334.1,91.4,2.12,0.653,0.306,-3.444,ok,0,0.184
47.425,158,True,,visual_fix,15,3.5000465597943564,342.4,330.4,339.0,334.4,91.5,0.89,0.605,0.345,-3.435,ok,0,0.192
47.725,159,True,,visual_fix,16,4.412776058131909,336.9,337.6,338.7,336.5,90.4,3.34,0.324,0.498,-3.558,ok,0,0.183
48.025,160,True,,visual_fix,16,3.4377429765026832,331.6,340.2,337.7,338.8,88.5,3.45,0.059,0.317,-3.617,ok,0,0.176
48.325,161,True,,visual_fix,15,3.397678367570235,343.1,337.8,338.5,339.8,89.9,5.96,0.623,0.229,-3.577,ok,0,0.18
48.625,162,True,,visual_fix,15,3.574610197283325,334.8,356.8,337.9,345.6,88.8,4.91,0.179,0.307,-3.917,ok,0,0.185
48.927,163,True,,visual_fix,16,3.539369189103567,332.1,346.3,337.1,347.3,87.7,3.61,0.062,0.618,-3.688,ok,0,0.178
49.227,164,True,,visual_fix,11,2.723619780263968,336.0,369.6,337.0,353.9,87.6,2.06,0.181,0.459,-4.129,ok,0,0.189
49.527,165,True,,visual_fix,12,3.5475589022107474,334.8,359.9,336.8,357.3,87.5,1.5,0.18,0.479,-3.953,ok,2,0.187
49.827,166,True,,visual_fix,14,3.366619777648639,344.7,348.8,337.8,357.3,89.9,6.37,0.747,0.239,-3.758,ok,3,0.185
50.127,167,True,implausible_visual_jump,lost_or_held,,,,,,,,,,,,,,0.176
50.427,168,True,,visual_fix,13,1.9942479131648754,343.1,359.1,338.6,361.3,91.1,3.86,0.705,0.621,-3.899,ok,2,0.164
50.727,169,True,,visual_fix,12,2.9870219711607318,342.0,362.7,339.1,363.4,91.5,2.73,0.649,0.35,-4.0,ok,3,0.178
51.027,170,True,,visual_fix,12,3.837075286865535,340.7,366.7,339.3,365.9,91.4,1.08,0.564,0.365,-4.075,ok,3,0.161
51.327,171,True,,visual_fix,13,3.3372987426075915,343.1,368.5,339.8,368.3,92.1,2.14,0.758,0.377,-4.087,ok,3,0.165
51.627,172,True,,visual_fix,15,3.21786408095227,343.4,371.2,340.4,370.8,92.6,0.95,0.77,0.465,-4.124,ok,2,0.156
51.927,173,True,,visual_fix,15,3.4278144643593422,341.6,376.6,340.5,374.1,92.4,1.25,0.661,0.404,-4.235,ok,2,0.164
52.227,174,True,,visual_fix,17,3.9259408070159627,341.6,378.9,340.6,377.2,92.4,0.41,0.685,0.387,-4.272,ok,2,0.166
52.527,175,True,,visual_fix,17,3.194033916821931,342.9,381.8,340.9,380.2,92.9,1.54,0.805,0.474,-4.3,ok,2,0.171
52.828,176,True,,visual_fix,12,2.6126935773971427,344.6,381.3,341.3,382.5,93.6,1.38,0.911,0.562,-4.269,ok,1,0.183
53.128,177,True,,visual_fix,10,4.110845044567885,340.0,386.3,341.0,385.3,92.6,4.15,0.57,0.345,-4.414,ok,1,0.181
53.428,178,True,,visual_fix,12,4.352943780298601,341.4,387.8,341.0,387.8,92.6,1.89,0.714,0.42,-4.42,ok,1,0.178
53.728,179,True,,visual_fix,11,3.8277866145798813,337.4,391.1,340.4,390.6,91.1,4.0,0.358,0.587,-4.479,ok,1,0.184
54.028,180,True,,visual_fix,10,3.058798299529538,341.4,394.2,340.5,393.4,91.4,3.21,0.652,0.432,-4.537,no_anchors,0,0.168
54.328,181,True,,visual_fix,11,2.899936613277229,337.7,396.4,340.1,396.1,90.4,3.85,0.342,0.66,-4.563,no_anchors,0,0.17
54.628,182,True,,visual_fix,11,2.492816923960672,338.3,400.1,339.8,399.1,90.0,1.46,0.388,0.53,-4.643,no_anchors,0,0.156
54.928,183,False,localize_failed,lost_or_held,,,,,,,,,,,,,,0.165
55.228,184,True,,visual_fix,10,2.5244561294334225,336.1,402.9,339.2,403.9,89.0,2.23,0.187,0.428,-4.702,no_anchors,0,0.169
55.528,185,True,,visual_fix,11,2.7777237130811616,339.9,408.0,339.3,406.9,90.6,5.58,0.678,0.202,-4.78,no_anchors,0,0.175
55.828,186,False,localize_failed,lost_or_held,,,,,,,,,,,,,,0.171
56.128,187,True,,visual_fix,10,3.3681373021046355,339.6,413.0,339.1,412.5,93.3,4.75,1.06,0.163,-4.797,no_anchors,0,0.182
56.428,188,False,localize_failed,lost_or_held,,,,,,,,,,,,,,0.17
56.728,189,False,localize_failed,lost_or_held,,,,,,,,,,,,,,0.19
57.03,190,False,localize_failed,lost_or_held,,,,,,,,,,,,,,0.173
57.33,191,False,localize_failed,lost_or_held,,,,,,,,,,,,,,0.156
57.63,192,False,localize_failed,lost_or_held,,,,,,,,,,,,,,0.142
57.93,193,False,localize_failed,lost_or_held,,,,,,,,,,,,,,0.158
58.23,194,False,localize_failed,lost_or_held,,,,,,,,,,,,,,0.14
58.53,195,False,localize_failed,lost_or_held,,,,,,,,,,,,,,0.148
58.83,196,False,localize_failed,lost_or_held,,,,,,,,,,,,,,0.147
59.13,197,False,localize_failed,lost_or_held,,,,,,,,,,,,,,0.146
59.43,198,False,localize_failed,lost_or_held,,,,,,,,,,,,,,0.2
59.73,199,True,,visual_fix,10,4.029650602592684,335.9,466.7,328.8,456.0,231.2,158.0,1.092,-0.731,5.63,no_anchors,0,0.205
