t_sec,frame_idx,success,rejection_reason,tracking_mode,num_inliers,reproj_err,raw_x,raw_y,x,y,heading,rel_rot_deg,tx,ty,tz,ar_reason,n_carets,n_ribbon,guidance_mode,local_bend_deg,rel_rot_deg_stabilized,localize_time
0.0,0,False,localize_failed,lost_or_held,,,,,,,,,,,,,,,,,,0.426
0.5,1,False,localize_failed,lost_or_held,,,,,,,,,,,,,,,,,,0.244
1.0,2,False,localize_failed,lost_or_held,,,,,,,,,,,,,,,,,,0.227
1.502,3,False,localize_failed,lost_or_held,,,,,,,,,,,,,,,,,,0.235
2.002,4,False,localize_failed,lost_or_held,,,,,,,,,,,,,,,,,,0.233
2.502,5,False,localize_failed,lost_or_held,,,,,,,,,,,,,,,,,,0.18
3.002,6,False,localize_failed,lost_or_held,,,,,,,,,,,,,,,,,,0.183
3.502,7,True,,stabilizing,,,,,,,,,,,,,,,,,,0.228
4.002,8,True,,stabilizing,,,,,,,,,,,,,,,,,,0.233
4.503,9,True,,visual_fix,38,3.6789943780163474,318.1,112.3,317.3,107.8,90.8,,0.026,-0.08,0.623,ok,6,48,directional,0.0,,0.239
5.003,10,False,localize_failed,lost_or_held,,,,,,,,,,,,,,,,,,0.185
5.503,11,True,,visual_fix,37,4.026928489878285,315.1,122.1,315.3,121.5,90.0,2.31,-0.014,-0.076,0.423,ok,6,48,directional,0.0,0.0,0.196
6.003,12,True,,visual_fix,34,3.9895866988824613,316.8,124.9,316.0,124.9,89.4,0.49,0.019,-0.079,0.371,ok,6,48,directional,0.0,0.0,0.235
6.503,13,True,,visual_fix,38,4.286205128824533,319.2,128.9,317.2,128.8,90.2,2.79,0.05,-0.076,0.3,ok,6,48,directional,0.0,0.0,0.239
7.005,14,True,,visual_fix,36,4.603605820642788,319.0,132.9,317.7,132.7,90.7,0.71,0.047,-0.057,0.222,ok,6,46,directional,0.0,0.49,0.235
7.505,15,True,,visual_fix,33,4.703108783798549,318.6,138.4,317.9,137.6,91.6,1.2,0.04,-0.031,0.114,ok,6,46,directional,0.0,0.0,0.247
8.005,16,True,,visual_fix,15,2.1608176357186455,312.4,142.3,317.7,141.8,90.1,4.93,-0.068,0.042,0.034,ok,6,46,directional,0.0,0.0,0.248
8.505,17,True,,visual_fix,15,3.8225383632983547,315.4,147.5,317.5,146.2,90.1,2.71,-0.013,0.004,-0.069,ok,6,46,directional,0.0,0.0,0.209
9.005,18,True,,visual_fix,14,2.740938554295978,314.6,151.2,317.4,150.5,90.0,1.58,-0.028,0.046,-0.137,ok,6,41,directional,0.0,0.32,0.191
9.507,19,True,,visual_fix,17,2.846930335481295,319.5,150.0,317.4,153.7,91.3,4.59,0.069,-0.066,-0.109,ok,6,41,directional,0.0,0.0,0.22
10.007,20,True,,visual_fix,14,1.7341317107093153,319.0,153.8,317.4,156.8,92.0,0.7,0.063,-0.053,-0.183,ok,6,41,directional,0.0,0.0,0.19
10.507,21,True,,visual_fix,16,1.466194094263062,322.5,158.7,317.5,160.2,93.5,2.42,0.143,-0.059,-0.264,ok,6,41,directional,0.0,0.0,0.183
11.007,22,True,,visual_fix,12,1.9409854235997874,319.2,162.3,317.4,163.6,93.8,1.37,0.081,-0.072,-0.344,ok,6,40,directional,0.0,1.26,0.223
11.507,23,True,,visual_fix,14,2.4188230630628222,323.1,168.0,317.5,167.5,95.7,3.98,0.19,-0.031,-0.432,ok,6,40,directional,0.0,0.0,0.242
12.007,24,True,,visual_fix,14,2.0332735253208143,328.6,174.7,317.7,171.9,100.0,7.18,0.375,-0.009,-0.498,ok,6,40,directional,0.0,0.0,0.188
12.508,25,True,implausible_visual_jump,lost_or_held,,,,,,,,,,,,,,,,,,0.229
13.008,26,True,,visual_fix,17,2.946405424916655,321.5,150.7,317.4,171.8,100.3,5.43,0.118,-0.044,-0.101,ok,6,40,directional,0.0,0.0,0.231
13.508,27,True,,visual_fix,16,2.7126066561791733,323.1,152.2,317.7,169.0,100.9,1.3,0.155,-0.037,-0.12,ok,6,39,directional,0.0,5.06,0.195
14.008,28,True,,visual_fix,20,4.803238086818379,330.9,154.1,323.7,158.7,103.2,4.74,0.315,-0.07,-0.092,ok,6,39,directional,0.0,0.0,0.186
14.508,29,True,,visual_fix,17,3.432862962597251,308.8,161.1,322.7,160.0,100.9,8.19,-0.09,0.008,-0.352,ok,6,39,directional,0.0,0.0,0.222
15.01,30,True,,visual_fix,17,3.5686044766041474,317.8,162.8,322.2,161.4,101.2,5.28,0.098,-0.235,-0.337,ok,6,39,directional,0.0,0.0,0.191
15.51,31,True,,visual_fix,20,3.368764573914165,327.6,165.1,323.8,163.7,102.3,3.81,0.298,-0.049,-0.333,ok,6,35,directional,0.0,3.49,0.201
16.01,32,True,,visual_fix,18,3.123817806260399,324.2,168.6,323.5,165.3,102.3,2.49,0.242,-0.127,-0.419,ok,6,35,directional,0.0,0.0,0.226
16.51,33,True,,visual_fix,23,2.656963704795507,325.8,176.5,323.6,171.2,101.9,5.79,0.291,-0.398,-0.522,ok,6,35,directional,0.0,0.0,0.223
17.01,34,True,,visual_fix,21,3.074765837817523,314.2,172.1,321.0,173.0,99.7,5.37,0.03,-0.237,-0.524,ok,6,35,directional,0.0,0.0,0.191
17.512,35,True,,visual_fix,24,3.2600330029791955,298.4,185.0,315.2,179.3,94.8,8.05,-0.335,-0.207,-0.775,ok,5,34,directional,0.0,6.34,0.185
18.012,36,True,,visual_fix,24,2.9954568543984883,317.2,188.8,315.2,184.4,95.6,8.05,0.113,-0.271,-0.828,ok,5,34,directional,0.0,0.0,0.222
18.512,37,True,,visual_fix,26,2.844700098682138,299.0,193.2,311.5,189.9,91.6,10.03,-0.367,-0.258,-0.909,ok,5,34,directional,0.0,0.0,0.228
19.012,38,True,,visual_fix,21,2.6303000160786785,308.2,188.1,310.7,191.6,91.2,4.5,-0.14,-0.199,-0.841,ok,5,34,directional,0.0,0.0,0.186
19.512,39,True,,visual_fix,26,3.234117919251967,296.6,195.5,307.7,195.3,88.0,6.49,-0.452,-0.141,-0.946,ok,4,30,directional,0.0,5.08,0.189
20.012,40,True,,visual_fix,22,1.90979586586604,308.2,194.9,307.8,197.3,88.8,5.69,-0.154,-0.107,-0.972,ok,3,30,directional,0.0,0.0,0.233
20.513,41,True,,visual_fix,22,3.2565913672612945,301.0,196.0,306.4,198.9,87.3,4.4,-0.353,-0.044,-0.974,ok,3,30,directional,0.0,0.0,0.236
21.013,42,True,,visual_fix,20,2.7399740446659115,298.1,203.1,304.8,202.3,85.8,1.75,-0.439,-0.03,-1.092,ok,3,30,directional,0.0,0.0,0.213
21.513,43,True,,visual_fix,20,3.3913894496488184,301.0,203.4,304.1,204.6,85.4,0.98,-0.375,-0.018,-1.106,ok,4,25,directional,0.0,1.35,0.184
22.013,44,True,,visual_fix,21,3.338422790370399,299.6,206.7,303.3,207.1,84.9,1.26,-0.416,0.039,-1.159,ok,4,25,directional,0.0,0.0,0.221
22.513,45,True,,visual_fix,22,3.6130975438790975,299.5,205.5,302.7,208.3,84.4,1.34,-0.421,0.094,-1.131,ok,4,25,directional,0.0,0.0,0.238
23.015,46,True,,visual_fix,20,3.6883239843441507,300.0,208.0,302.3,209.8,84.3,0.9,-0.411,0.058,-1.183,ok,4,25,directional,0.0,0.0,0.192
23.515,47,True,,visual_fix,24,3.350765421194107,298.6,213.5,301.7,212.6,83.8,1.24,-0.47,0.098,-1.269,ok,5,24,directional,0.0,3.45,0.187
24.015,48,True,,visual_fix,19,3.0345679073077725,300.1,216.7,301.7,215.3,83.6,0.17,-0.446,0.107,-1.33,ok,5,24,directional,5.2,0.0,0.234
24.515,49,True,,visual_fix,24,2.5974913404250923,300.8,220.0,301.8,218.6,83.7,0.62,-0.431,0.138,-1.393,ok,5,24,directional,14.1,0.0,0.184
25.015,50,True,,visual_fix,24,3.4795660706170413,301.3,222.1,301.9,221.5,83.6,1.03,-0.432,0.133,-1.431,ok,5,24,directional,23.5,0.0,0.176
25.517,51,True,,visual_fix,24,2.592454328803152,306.1,223.9,303.0,224.1,84.6,2.85,-0.287,0.076,-1.492,ok,4,19,directional,33.4,0.33,0.22
26.017,52,True,,visual_fix,26,3.950279494347817,302.1,230.3,303.1,228.0,84.2,2.38,-0.43,0.093,-1.585,ok,4,19,directional,49.0,0.0,0.221
26.517,53,True,,visual_fix,19,3.0172481906404625,308.3,231.5,304.0,231.0,85.6,3.71,-0.218,0.082,-1.637,ok,4,19,directional,61.1,0.0,0.182
27.017,54,True,,visual_fix,19,3.926929646240525,303.1,234.6,304.1,234.1,84.9,3.25,-0.409,0.101,-1.667,ok,4,19,directional,71.8,0.0,0.182
27.517,55,True,,visual_fix,16,2.2472372722865503,310.6,240.3,305.4,238.0,86.2,4.25,-0.17,0.211,-1.793,ok,4,17,directional,83.2,0.91,0.224
28.017,56,True,,visual_fix,16,1.8581146480997357,312.4,243.6,306.7,242.0,87.2,0.97,-0.112,0.235,-1.855,ok,4,17,directional,75.8,0.0,0.186
28.517,57,True,,visual_fix,17,3.402570507051379,304.7,248.9,306.7,246.3,84.5,7.91,-0.505,0.094,-1.904,ok,4,17,directional,29.2,0.0,0.202
29.018,58,True,,visual_fix,15,2.1756584936208276,310.0,250.2,307.6,249.9,84.1,4.16,-0.33,-0.085,-1.964,ok,4,17,directional,16.7,0.0,0.223
29.518,59,True,,visual_fix,15,2.1594492802607097,310.1,255.1,308.4,253.9,82.8,2.87,-0.421,-0.001,-2.038,ok,3,11,directional,49.1,1.23,0.245
30.018,60,True,,visual_fix,14,2.9504011207292615,311.0,259.7,309.3,258.0,81.3,1.79,-0.483,-0.023,-2.109,ok,3,11,directional,49.1,0.0,0.188
30.518,61,True,,visual_fix,10,1.865342289458158,301.6,266.4,309.0,262.7,74.8,12.64,-1.104,0.2,-1.992,ok,3,11,directional,49.1,0.0,0.193
31.018,62,True,,visual_fix,11,3.832442633236073,304.9,269.5,309.4,267.1,71.1,2.4,-1.078,0.326,-2.051,ok,3,11,directional,49.1,0.0,0.223
31.518,63,True,,visual_fix,13,3.1802822459633884,316.7,273.0,311.6,271.6,72.7,7.87,-0.604,0.291,-2.31,ok,3,11,directional,49.1,5.31,0.167
32.018,64,True,,visual_fix,14,3.063166460886154,303.9,280.8,311.9,276.5,61.8,17.9,-1.543,0.309,-1.992,ok,3,11,directional,49.1,0.0,0.224
32.518,65,True,,visual_fix,14,2.3810469989787526,309.4,279.4,312.9,279.9,61.1,5.79,-1.283,0.508,-2.103,ok,3,11,directional,0.0,0.0,0.231
33.02,66,True,,visual_fix,15,3.6097139958084705,312.9,281.8,314.3,282.9,61.5,1.57,-1.191,0.517,-2.206,ok,3,11,directional,0.0,0.0,0.18
33.52,67,True,,visual_fix,14,3.5078138891393387,314.1,286.8,315.9,286.4,60.5,2.36,-1.297,0.567,-2.238,ok,4,59,directional,0.0,10.16,0.182
34.02,68,True,,visual_fix,14,2.560398129906149,316.3,290.4,317.6,289.9,60.1,1.44,-1.285,0.654,-2.301,ok,5,59,directional,0.0,0.0,0.222
34.52,69,True,,visual_fix,12,2.941077792581531,318.9,293.0,319.4,293.2,60.8,2.07,-1.191,0.622,-2.417,ok,6,59,directional,0.0,0.0,0.191
35.02,70,True,,visual_fix,12,2.9301536064365026,320.8,296.8,321.2,296.6,61.7,0.95,-1.154,0.627,-2.514,ok,6,59,directional,0.0,0.0,0.186
35.52,71,True,,visual_fix,13,4.886397910390421,322.6,300.4,322.9,300.1,62.6,1.0,-1.11,0.632,-2.608,ok,5,11,directional,0.0,3.48,0.227
36.02,72,True,,visual_fix,10,2.906613969805422,324.8,303.9,324.8,303.6,62.5,1.37,-1.166,0.619,-2.663,ok,4,11,directional,0.0,0.0,0.222
36.52,73,True,,visual_fix,10,2.607340812639619,330.5,306.3,326.5,307.2,66.8,9.04,-0.645,0.683,-2.881,ok,3,11,directional,0.0,0.0,0.247
37.022,74,False,localize_failed,lost_or_held,,,,,,,,,,,,,,,,,,0.243
37.522,75,False,localize_failed,lost_or_held,,,,,,,,,,,,,,,,,,0.214
38.022,76,False,localize_failed,lost_or_held,,,,,,,,,,,,,,,,,,0.213
38.522,77,True,,visual_fix,11,3.9086363231346337,331.9,297.4,330.5,316.6,78.0,13.18,0.02,0.381,-2.852,ok,4,29,directional,0.0,17.09,0.239
39.022,78,True,,visual_fix,12,2.922286557102465,332.1,289.7,329.5,313.5,81.4,2.4,0.097,0.313,-2.721,ok,5,30,directional,0.0,0.58,0.267
39.522,79,True,,visual_fix,14,3.2211157215014232,335.2,302.8,329.7,313.6,84.5,2.91,0.282,0.286,-2.958,ok,5,30,directional,0.0,0.0,0.239
40.022,80,True,,visual_fix,12,3.0971345149074856,336.4,309.4,330.2,314.9,86.9,1.85,0.383,0.245,-3.073,ok,5,30,directional,0.0,0.0,0.262
40.522,81,True,,visual_fix,17,3.877488189738026,335.8,307.1,330.5,315.3,88.3,0.92,0.376,0.256,-3.03,ok,5,30,directional,0.0,0.0,0.252
41.023,82,True,,visual_fix,20,3.48263339166483,334.6,301.2,331.4,306.9,88.6,1.1,0.307,0.277,-2.924,ok,5,29,directional,0.0,1.16,0.255
41.523,83,True,,visual_fix,16,2.703221424666466,336.9,309.2,331.7,308.2,89.6,2.31,0.448,0.298,-3.059,ok,5,29,directional,0.0,0.0,0.242
42.023,84,True,,visual_fix,14,4.043000851354144,335.4,291.5,331.8,307.3,89.6,1.62,0.352,0.199,-2.755,ok,5,29,directional,0.0,1.06,0.265
42.523,85,True,,visual_fix,14,3.1114413586978484,335.2,308.2,332.0,308.3,89.7,0.59,0.361,0.288,-3.047,ok,5,29,directional,0.0,0.0,0.205
43.023,86,True,,visual_fix,13,2.1073880780411463,337.5,312.8,332.4,309.7,89.9,0.57,0.428,0.331,-3.127,ok,5,29,directional,0.0,0.0,0.217
43.523,87,True,,visual_fix,12,2.0718593413894912,340.0,299.1,332.8,308.9,90.6,2.11,0.53,0.392,-2.864,ok,5,29,directional,0.0,0.0,0.243
44.023,88,True,,visual_fix,12,2.4339588815354873,339.6,305.6,333.2,308.9,90.8,0.33,0.509,0.42,-2.982,ok,5,28,directional,0.0,1.24,0.25
44.523,89,True,implausible_visual_jump,lost_or_held,,,,,,,,,,,,,,,,,,0.248
45.025,90,True,,visual_fix,15,4.345298572478482,336.3,316.4,333.4,311.6,90.5,1.52,0.401,0.368,-3.185,ok,5,28,directional,0.0,0.0,0.234
45.525,91,True,,visual_fix,12,2.6822982225029355,338.3,336.2,333.7,317.7,90.9,3.83,0.512,0.079,-3.551,ok,5,28,directional,0.0,0.0,0.221
46.025,92,True,,visual_fix,15,3.0673625068624366,341.3,317.6,334.2,318.7,91.1,2.54,0.568,0.271,-3.213,ok,5,28,directional,0.0,0.0,0.255
46.525,93,True,,visual_fix,15,3.4021452253306887,340.8,324.7,334.6,321.1,91.2,0.44,0.558,0.279,-3.339,ok,4,26,directional,0.0,1.01,0.243
47.025,94,True,,visual_fix,17,4.341511974161165,344.1,326.3,335.2,323.3,91.7,1.66,0.672,0.271,-3.363,ok,4,26,directional,0.0,0.0,0.246
47.525,95,True,,visual_fix,12,3.2829281894109266,336.8,337.7,335.2,327.5,90.5,3.48,0.331,0.34,-3.577,ok,4,26,directional,0.0,0.0,0.204
48.025,96,True,,visual_fix,16,3.4377429765026832,331.6,340.2,335.0,331.6,88.6,2.99,0.059,0.317,-3.617,ok,4,26,directional,0.0,0.0,0.203
48.525,97,True,,visual_fix,15,2.1810977269578777,334.7,359.4,335.0,338.9,87.9,2.02,0.137,0.429,-3.95,ok,4,26,directional,0.0,0.75,0.255
49.027,98,True,,visual_fix,18,4.55594257758627,337.8,354.1,335.3,344.1,88.4,2.57,0.349,0.38,-3.863,ok,4,26,directional,0.0,0.0,0.239
49.527,99,True,,visual_fix,12,3.5475589022107474,334.8,359.9,335.3,349.6,88.0,2.13,0.18,0.479,-3.953,ok,4,26,directional,0.0,0.0,0.214
50.027,100,True,,visual_fix,12,3.4537804046066896,345.6,351.8,336.1,352.6,90.3,6.66,0.799,0.272,-3.803,ok,4,26,directional,0.0,0.0,0.199
50.527,101,True,,visual_fix,14,1.9776257354926061,344.1,360.7,336.6,356.7,91.6,2.82,0.769,0.56,-3.93,ok,3,18,directional,0.0,1.3,0.223
51.027,102,True,,visual_fix,12,3.837075286865535,340.7,366.7,336.9,361.3,91.4,2.9,0.564,0.365,-4.075,ok,3,18,directional,0.0,0.0,0.181
51.527,103,True,,visual_fix,17,3.1771141143234436,343.0,370.2,337.3,365.8,92.2,2.43,0.757,0.475,-4.106,ok,3,18,directional,0.0,0.0,0.175
52.027,104,True,,visual_fix,17,3.7145504234771303,341.3,377.4,337.5,371.0,92.0,1.7,0.634,0.375,-4.253,ok,3,18,directional,0.0,0.0,0.225
52.527,105,True,,visual_fix,17,3.194033916821931,342.9,381.8,337.7,376.1,92.7,2.09,0.805,0.474,-4.3,ok,3,18,directional,0.0,1.1,0.189
53.028,106,True,,visual_fix,13,3.1425682145172433,341.2,384.5,337.9,380.8,92.5,2.39,0.667,0.417,-4.367,ok,3,18,directional,0.0,0.0,0.187
53.528,107,True,,visual_fix,14,3.66008784334152,341.3,388.7,338.0,385.6,92.4,0.33,0.695,0.421,-4.437,ok,3,18,directional,0.0,0.0,0.257
54.028,108,True,,visual_fix,10,3.058798299529538,341.4,394.2,338.1,390.5,92.2,0.63,0.652,0.432,-4.537,ok,3,18,directional,0.0,0.0,0.229
54.528,109,True,,visual_fix,10,3.154768628987277,345.0,397.9,338.5,395.3,93.4,3.57,0.982,0.424,-4.564,ok,3,13,directional,0.0,1.19,0.194
55.028,110,False,localize_failed,lost_or_held,,,,,,,,,,,,,,,,,,0.184
55.528,111,True,,visual_fix,11,2.7777237130811616,339.9,408.0,338.2,404.6,93.0,3.57,0.678,0.202,-4.78,ok,3,13,directional,0.0,0.0,0.231
56.028,112,True,,visual_fix,11,2.6643931899433064,339.6,412.5,338.0,409.8,94.1,3.75,0.964,0.344,-4.798,ok,3,13,directional,0.0,0.0,0.247
56.528,113,False,localize_failed,lost_or_held,,,,,,,,,,,,,,,,,,0.196
57.03,114,False,localize_failed,lost_or_held,,,,,,,,,,,,,,,,,,0.178
57.53,115,False,localize_failed,lost_or_held,,,,,,,,,,,,,,,,,,0.216
58.03,116,False,localize_failed,lost_or_held,,,,,,,,,,,,,,,,,,0.228
58.53,117,False,localize_failed,lost_or_held,,,,,,,,,,,,,,,,,,0.193
59.03,118,False,localize_failed,lost_or_held,,,,,,,,,,,,,,,,,,0.159
59.53,119,True,,visual_fix,10,4.17219875800609,336.0,470.8,326.4,449.8,226.6,153.81,1.646,-0.713,5.567,no_anchors,0,0,,,,0.215
