frame,time_s,variant,success,method,x_px,y_px,matched_keyframe,num_matches,num_inliers,inlier_ratio,median_reproj_error,elapsed_s
0,0.0,V0,1,PnP,266.638,150.086,3093,20,10,0.5,1.6719252011077543,0.722
0,0.0,V2,0,,,,,0,0,0.0,inf,0.637
0,0.0,V3,0,,,,,0,0,0.0,inf,0.704
385,9.989,V0,0,,,,,0,0,0.0,inf,0.373
385,9.989,V2,0,,,,,0,0,0.0,inf,0.341
385,9.989,V3,0,,,,,0,0,0.0,inf,0.318
770,19.978,V0,0,,,,,0,0,0.0,inf,0.732
770,19.978,V2,0,,,,,0,0,0.0,inf,0.711
770,19.978,V3,0,,,,,0,0,0.0,inf,0.711
1155,29.967,V0,0,,,,,0,0,0.0,inf,0.71
1155,29.967,V2,0,,,,,0,0,0.0,inf,0.706
1155,29.967,V3,0,,,,,0,0,0.0,inf,0.71
1540,39.956,V0,0,,,,,0,0,0.0,inf,0.608
1540,39.956,V2,0,,,,,0,0,0.0,inf,0.543
1540,39.956,V3,0,,,,,0,0,0.0,inf,0.564
1925,49.945,V0,0,,,,,0,0,0.0,inf,0.657
1925,49.945,V2,0,,,,,0,0,0.0,inf,0.48
1925,49.945,V3,0,,,,,0,0,0.0,inf,0.538
2310,59.934,V0,0,,,,,0,0,0.0,inf,0.576
2310,59.934,V2,0,,,,,0,0,0.0,inf,0.523
2310,59.934,V3,0,,,,,0,0,0.0,inf,0.56
2695,69.923,V0,0,,,,,0,0,0.0,inf,0.452
2695,69.923,V2,0,,,,,0,0,0.0,inf,0.452
2695,69.923,V3,0,,,,,0,0,0.0,inf,0.437
3080,79.912,V0,1,PnP,249.868,155.221,452,34,12,0.35294117647058826,2.7666677498601815,0.614
3080,79.912,V2,0,,,,,0,0,0.0,inf,0.566
3080,79.912,V3,1,PnP,250.591,170.225,2145,18,10,0.5555555555555556,2.3114635995084676,0.502
3465,89.901,V0,0,,,,,0,0,0.0,inf,0.48
3465,89.901,V2,0,,,,,0,0,0.0,inf,0.486
3465,89.901,V3,1,PnP,250.605,204.161,523,14,10,0.7142857142857143,4.348516710237803,0.439
3850,99.89,V0,1,PnP,261.407,227.829,656,17,10,0.5882352941176471,4.205855814961823,0.736
3850,99.89,V2,0,,,,,0,0,0.0,inf,0.605
3850,99.89,V3,0,,,,,0,0,0.0,inf,0.658
4235,109.879,V0,0,,,,,0,0,0.0,inf,0.715
4235,109.879,V2,0,,,,,0,0,0.0,inf,0.698
4235,109.879,V3,0,,,,,0,0,0.0,inf,0.708
4620,119.869,V0,0,,,,,0,0,0.0,inf,0.715
4620,119.869,V2,0,,,,,0,0,0.0,inf,0.811
4620,119.869,V3,0,,,,,0,0,0.0,inf,0.71
5005,129.858,V0,0,,,,,0,0,0.0,inf,0.709
5005,129.858,V2,0,,,,,0,0,0.0,inf,0.707
5005,129.858,V3,0,,,,,0,0,0.0,inf,0.711
5390,139.847,V0,0,,,,,0,0,0.0,inf,0.71
5390,139.847,V2,0,,,,,0,0,0.0,inf,0.665
5390,139.847,V3,0,,,,,0,0,0.0,inf,0.688
5775,149.836,V0,0,,,,,0,0,0.0,inf,0.71
5775,149.836,V2,0,,,,,0,0,0.0,inf,0.653
5775,149.836,V3,0,,,,,0,0,0.0,inf,0.682
6160,159.825,V0,0,,,,,0,0,0.0,inf,0.521
6160,159.825,V2,0,,,,,0,0,0.0,inf,0.46
6160,159.825,V3,0,,,,,0,0,0.0,inf,0.452
6545,169.814,V0,0,,,,,0,0,0.0,inf,0.425
6545,169.814,V2,0,,,,,0,0,0.0,inf,0.427
6545,169.814,V3,0,,,,,0,0,0.0,inf,0.42
6930,179.803,V0,0,,,,,0,0,0.0,inf,0.61
6930,179.803,V2,0,,,,,0,0,0.0,inf,0.516
6930,179.803,V3,0,,,,,0,0,0.0,inf,0.556
7315,189.792,V0,0,,,,,0,0,0.0,inf,0.577
7315,189.792,V2,0,,,,,0,0,0.0,inf,0.462
7315,189.792,V3,0,,,,,0,0,0.0,inf,0.49
7700,199.781,V0,0,,,,,0,0,0.0,inf,0.429
7700,199.781,V2,0,,,,,0,0,0.0,inf,0.415
7700,199.781,V3,1,PnP,335.704,356.637,2656,32,17,0.53125,5.422736159443954,0.447
8085,209.77,V0,0,,,,,0,0,0.0,inf,0.439
8085,209.77,V2,0,,,,,0,0,0.0,inf,0.451
8085,209.77,V3,0,,,,,0,0,0.0,inf,0.483
8470,219.759,V0,1,PnP,337.886,441.147,2705,30,11,0.36666666666666664,2.9942495608117725,0.6
8470,219.759,V2,0,,,,,0,0,0.0,inf,0.488
8470,219.759,V3,0,,,,,0,0,0.0,inf,0.509
8855,229.748,V0,0,,,,,0,0,0.0,inf,0.347
8855,229.748,V2,0,,,,,0,0,0.0,inf,0.337
8855,229.748,V3,0,,,,,0,0,0.0,inf,0.339
9240,239.737,V0,0,,,,,0,0,0.0,inf,0.364
9240,239.737,V2,0,,,,,0,0,0.0,inf,0.345
9240,239.737,V3,0,,,,,0,0,0.0,inf,0.345
9625,249.726,V0,0,,,,,0,0,0.0,inf,0.346
9625,249.726,V2,0,,,,,0,0,0.0,inf,0.336
9625,249.726,V3,0,,,,,0,0,0.0,inf,0.342
10010,259.715,V0,0,,,,,0,0,0.0,inf,0.628
10010,259.715,V2,0,,,,,0,0,0.0,inf,0.553
10010,259.715,V3,0,,,,,0,0,0.0,inf,0.552
10395,269.704,V0,0,,,,,0,0,0.0,inf,0.381
10395,269.704,V2,0,,,,,0,0,0.0,inf,0.374
10395,269.704,V3,0,,,,,0,0,0.0,inf,0.383
10780,279.693,V0,1,PnP,262.798,335.969,1569,21,10,0.47619047619047616,2.57390135670844,0.573
10780,279.693,V2,0,,,,,0,0,0.0,inf,0.489
10780,279.693,V3,1,PnP,266.676,321.344,2559,29,13,0.4482758620689655,3.668024856282193,0.497
11165,289.682,V0,1,PnP,247.627,331.542,1880,39,17,0.4358974358974359,3.529501579430587,0.659
11165,289.682,V2,1,PnP,250.147,294.945,1887,37,12,0.32432432432432434,2.97827379746906,0.585
11165,289.682,V3,1,PnP,249.624,292.967,1880,46,25,0.5434782608695652,3.708807650532801,0.645
11550,299.671,V0,0,,,,,0,0,0.0,inf,0.454
11550,299.671,V2,0,,,,,0,0,0.0,inf,0.389
11550,299.671,V3,0,,,,,0,0,0.0,inf,0.373
11935,309.66,V0,0,,,,,0,0,0.0,inf,0.39
11935,309.66,V2,0,,,,,0,0,0.0,inf,0.362
11935,309.66,V3,0,,,,,0,0,0.0,inf,0.371
12320,319.649,V0,0,,,,,0,0,0.0,inf,0.539
12320,319.649,V2,0,,,,,0,0,0.0,inf,0.418
12320,319.649,V3,0,,,,,0,0,0.0,inf,0.648
12705,329.638,V0,0,,,,,0,0,0.0,inf,0.389
12705,329.638,V2,0,,,,,0,0,0.0,inf,0.349
12705,329.638,V3,0,,,,,0,0,0.0,inf,0.364
13090,339.627,V0,0,,,,,0,0,0.0,inf,0.354
13090,339.627,V2,0,,,,,0,0,0.0,inf,0.353
13090,339.627,V3,0,,,,,0,0,0.0,inf,0.359
13475,349.617,V0,0,,,,,0,0,0.0,inf,0.343
13475,349.617,V2,0,,,,,0,0,0.0,inf,0.335
13475,349.617,V3,0,,,,,0,0,0.0,inf,0.332
13860,359.606,V0,0,,,,,0,0,0.0,inf,0.352
13860,359.606,V2,0,,,,,0,0,0.0,inf,0.359
13860,359.606,V3,0,,,,,0,0,0.0,inf,0.356
14245,369.595,V0,0,,,,,0,0,0.0,inf,0.384
14245,369.595,V2,0,,,,,0,0,0.0,inf,0.419
14245,369.595,V3,1,PnP,255.79,362.806,1426,55,36,0.6545454545454545,3.6749420743920886,0.425
14630,379.584,V0,0,,,,,0,0,0.0,inf,0.409
14630,379.584,V2,0,,,,,0,0,0.0,inf,0.401
14630,379.584,V3,1,PnP,256.374,414.952,2362,44,34,0.7727272727272727,3.4279276334035567,0.413
15015,389.573,V0,0,,,,,0,0,0.0,inf,0.337
15015,389.573,V2,0,,,,,0,0,0.0,inf,0.331
15015,389.573,V3,0,,,,,0,0,0.0,inf,0.321
15400,399.562,V0,0,,,,,0,0,0.0,inf,0.378
15400,399.562,V2,0,,,,,0,0,0.0,inf,0.375
15400,399.562,V3,0,,,,,0,0,0.0,inf,0.378
15785,409.551,V0,0,,,,,0,0,0.0,inf,0.374
15785,409.551,V2,0,,,,,0,0,0.0,inf,0.386
15785,409.551,V3,0,,,,,0,0,0.0,inf,0.373
16170,419.54,V0,0,,,,,0,0,0.0,inf,0.648
16170,419.54,V2,0,,,,,0,0,0.0,inf,0.61
16170,419.54,V3,1,PnP,329.486,319.501,1260,21,12,0.5714285714285714,3.2164950300548623,0.574
16555,429.529,V0,0,,,,,0,0,0.0,inf,0.572
16555,429.529,V2,0,,,,,0,0,0.0,inf,0.504
16555,429.529,V3,0,,,,,0,0,0.0,inf,0.524
16940,439.518,V0,0,,,,,0,0,0.0,inf,0.443
16940,439.518,V2,0,,,,,0,0,0.0,inf,0.41
16940,439.518,V3,0,,,,,0,0,0.0,inf,0.43
17325,449.507,V0,0,,,,,0,0,0.0,inf,0.557
17325,449.507,V2,0,,,,,0,0,0.0,inf,0.577
17325,449.507,V3,0,,,,,0,0,0.0,inf,0.615
17710,459.496,V0,1,PnP,244.968,308.825,1884,17,10,0.5882352941176471,2.8792240704926746,0.481
17710,459.496,V2,0,,,,,0,0,0.0,inf,0.533
17710,459.496,V3,1,PnP,247.571,278.355,1920,15,10,0.6666666666666666,3.522425346042568,0.496
18095,469.485,V0,1,PnP,248.696,235.789,1964,35,11,0.3142857142857143,2.9982987036065425,0.459
18095,469.485,V2,1,PnP,244.391,223.28,1968,25,10,0.4,5.122331269900913,0.494
18095,469.485,V3,1,PnP,246.699,221.194,1970,22,14,0.6363636363636364,2.4856520783218348,0.421
18480,479.474,V0,0,,,,,0,0,0.0,inf,0.427
18480,479.474,V2,0,,,,,0,0,0.0,inf,0.418
18480,479.474,V3,0,,,,,0,0,0.0,inf,0.416
18865,489.463,V0,0,,,,,0,0,0.0,inf,0.524
18865,489.463,V2,0,,,,,0,0,0.0,inf,0.485
18865,489.463,V3,0,,,,,0,0,0.0,inf,0.457
19250,499.452,V0,0,,,,,0,0,0.0,inf,0.364
19250,499.452,V2,0,,,,,0,0,0.0,inf,0.341
19250,499.452,V3,0,,,,,0,0,0.0,inf,0.362
19635,509.441,V0,0,,,,,0,0,0.0,inf,0.517
19635,509.441,V2,0,,,,,0,0,0.0,inf,0.413
19635,509.441,V3,0,,,,,0,0,0.0,inf,0.405
20020,519.43,V0,0,,,,,0,0,0.0,inf,0.44
20020,519.43,V2,0,,,,,0,0,0.0,inf,0.445
20020,519.43,V3,0,,,,,0,0,0.0,inf,0.378
