target_frame,target_time_s,query_frame,query_offset_s,query_sharpness,success,x_px,y_px,matched_keyframe,num_matches,num_inliers,inlier_ratio,median_reproj_error,max_candidate_matches,max_raw_pnp_inliers,elapsed_s
385,9.989,400,0.4,28.514,0,,,,0,0,0.0,inf,9,4,0.602
385,9.989,373,-0.3,23.397,0,,,,0,0,0.0,inf,19,8,0.437
385,9.989,377,-0.2,22.719,0,,,,0,0,0.0,inf,17,8,0.431
1155,29.967,1163,0.2,227.884,0,,,,0,0,0.0,inf,0,0,0.275
1155,29.967,1167,0.3,222.698,0,,,,0,0,0.0,inf,0,0,0.263
1155,29.967,1159,0.1,219.208,0,,,,0,0,0.0,inf,4,4,0.276
1925,49.945,1910,-0.4,47.914,0,,,,0,0,0.0,inf,24,9,0.558
1925,49.945,1944,0.5,47.345,0,,,,0,0,0.0,inf,23,7,0.559
1925,49.945,1917,-0.2,46.728,0,,,,0,0,0.0,inf,25,8,0.599
2695,69.923,2676,-0.5,48.133,0,,,,0,0,0.0,inf,19,9,0.303
2695,69.923,2680,-0.4,42.959,0,,,,0,0,0.0,inf,15,6,0.334
2695,69.923,2683,-0.3,41.978,0,,,,0,0,0.0,inf,13,6,0.328
4235,109.879,4216,-0.5,106.377,0,,,,0,0,0.0,inf,10,5,0.322
4235,109.879,4220,-0.4,100.243,0,,,,0,0,0.0,inf,9,5,0.303
4235,109.879,4227,-0.2,83.015,0,,,,0,0,0.0,inf,7,5,0.315
5390,139.847,5409,0.5,123.368,0,,,,0,0,0.0,inf,11,5,0.428
5390,139.847,5405,0.4,103.88,0,,,,0,0,0.0,inf,9,4,0.338
5390,139.847,5371,-0.5,97.794,0,,,,0,0,0.0,inf,7,4,0.339
5775,149.836,5760,-0.4,52.788,0,,,,0,0,0.0,inf,15,7,0.482
5775,149.836,5779,0.1,51.336,0,,,,0,0,0.0,inf,18,9,0.575
5775,149.836,5756,-0.5,50.68,1,356.408,196.346,3220,17,10,0.5882352941176471,3.0493467357501896,18,10,0.441
6545,169.814,6553,0.2,35.651,0,,,,0,0,0.0,inf,14,9,0.403
6545,169.814,6557,0.3,31.38,0,,,,0,0,0.0,inf,13,9,0.449
6545,169.814,6530,-0.4,30.558,0,,,,0,0,0.0,inf,18,9,0.461
6930,179.803,6915,-0.4,36.96,1,334.204,227.897,1124,37,10,0.2702702702702703,3.7184745835710604,37,10,0.443
8085,209.77,8100,0.4,22.6,1,256.377,398.739,1476,15,12,0.8,3.3047048082343693,19,12,0.381
8855,229.748,8863,0.2,18.738,0,,,,0,0,0.0,inf,0,0,0.297
8855,229.748,8843,-0.3,18.198,0,,,,0,0,0.0,inf,0,0,0.3
8855,229.748,8867,0.3,17.842,0,,,,0,0,0.0,inf,0,0,0.293
9240,239.737,9221,-0.5,20.064,0,,,,0,0,0.0,inf,8,5,0.378
9240,239.737,9248,0.2,19.068,0,,,,0,0,0.0,inf,21,7,0.427
9240,239.737,9244,0.1,18.804,0,,,,0,0,0.0,inf,10,5,0.444
9625,249.726,9637,0.3,22.775,0,,,,0,0,0.0,inf,0,0,0.331
9625,249.726,9644,0.5,19.487,0,,,,0,0,0.0,inf,8,4,0.463
9625,249.726,9633,0.2,17.124,0,,,,0,0,0.0,inf,0,0,0.245
10395,269.704,10380,-0.4,25.442,1,310.567,315.713,1301,28,10,0.35714285714285715,2.7893061756245836,28,10,0.485
11550,299.671,11554,0.1,16.497,0,,,,0,0,0.0,inf,24,8,0.528
11550,299.671,11562,0.3,16.497,0,,,,0,0,0.0,inf,24,8,0.501
11550,299.671,11569,0.5,16.473,0,,,,0,0,0.0,inf,22,8,0.424
12705,329.638,12713,0.2,44.936,0,,,,0,0,0.0,inf,18,9,0.411
12705,329.638,12717,0.3,44.117,0,,,,0,0,0.0,inf,21,7,0.409
12705,329.638,12709,0.1,41.892,1,256.05,443.26,2375,17,10,0.5882352941176471,3.7042703246612287,18,10,0.375
13090,339.627,13086,-0.1,30.73,0,,,,0,0,0.0,inf,4,4,0.263
13090,339.627,13078,-0.3,17.779,0,,,,0,0,0.0,inf,17,7,0.311
13090,339.627,13082,-0.2,17.563,0,,,,0,0,0.0,inf,12,7,0.273
13475,349.617,13494,0.5,16.566,0,,,,0,0,0.0,inf,0,0,0.192
13475,349.617,13490,0.4,13.907,0,,,,0,0,0.0,inf,4,4,0.209
13475,349.617,13487,0.3,12.172,0,,,,0,0,0.0,inf,4,4,0.192
13860,359.606,13868,0.2,20.046,0,,,,0,0,0.0,inf,14,8,0.289
13860,359.606,13872,0.3,17.25,0,,,,0,0,0.0,inf,12,6,0.389
13860,359.606,13879,0.5,16.889,0,,,,0,0,0.0,inf,13,6,0.4
15015,389.573,15003,-0.3,12.443,0,,,,0,0,0.0,inf,4,4,0.29
15015,389.573,14996,-0.5,12.198,0,,,,0,0,0.0,inf,4,4,0.287
15015,389.573,15027,0.3,12.058,0,,,,0,0,0.0,inf,6,0,0.304
16555,429.529,16563,0.2,35.041,0,,,,0,0,0.0,inf,23,8,0.598
16555,429.529,16540,-0.4,29.675,0,,,,0,0,0.0,inf,24,8,0.611
16555,429.529,16536,-0.5,28.723,0,,,,0,0,0.0,inf,28,9,0.611
18480,479.474,18465,-0.4,32.107,0,,,,0,0,0.0,inf,11,6,0.419
18480,479.474,18495,0.4,26.706,0,,,,0,0,0.0,inf,14,7,0.38
18480,479.474,18468,-0.3,23.054,0,,,,0,0,0.0,inf,12,6,0.425
18865,489.463,18873,0.2,28.026,0,,,,0,0,0.0,inf,12,8,0.39
18865,489.463,18853,-0.3,27.448,0,,,,0,0,0.0,inf,12,8,0.389
18865,489.463,18857,-0.2,26.697,0,,,,0,0,0.0,inf,15,9,0.375
19250,499.452,19235,-0.4,13.166,0,,,,0,0,0.0,inf,6,6,0.285
19250,499.452,19231,-0.5,12.952,0,,,,0,0,0.0,inf,4,4,0.265
19250,499.452,19269,0.5,11.132,0,,,,0,0,0.0,inf,7,5,0.306
19635,509.441,19616,-0.5,42.352,0,,,,0,0,0.0,inf,7,4,0.315
19635,509.441,19647,0.3,32.733,0,,,,0,0,0.0,inf,5,4,0.355
19635,509.441,19620,-0.4,31.107,0,,,,0,0,0.0,inf,11,4,0.359
