frame,time_s,hfov_deg,render_width,render_height,valid_source_fraction,candidate_matches,production_success,production_inliers,p4pf_success,p4pf_focal_px,p4pf_focal_ratio_to_map,p4pf_inliers,p4pf_gate_10_inliers,p4pf_median_reproj_error_px
0,0.0,45.0,1920,1080,0.36442322530864196,0,0,0,0,,,,0,
0,0.0,70.0,1961,1103,0.9985839001046241,22,1,12,1,929.8834924547479,0.6642024946105342,18,1,3.081704990519878
0,0.0,90.0,2800,1575,0.9990081632653062,18,1,10,1,12494.235684257055,8.924454060183612,7,0,2.2598530307748756
0,0.0,120.0,4850,2728,0.9982824167850772,0,0,0,0,,,,0,
300,10.004,45.0,1920,1080,0.36442322530864196,25,1,30,1,541.8261570393236,0.38701868359951686,21,1,3.1075886586808097
300,10.004,70.0,1961,1103,0.9985839001046241,33,1,38,1,896.0432704635396,0.6400309074739569,23,1,4.145710321292811
300,10.004,90.0,2800,1575,0.9990081632653062,34,1,38,1,1261.9882440689917,0.901420174334994,11,1,4.0274051840380185
300,10.004,120.0,4850,2728,0.9982824167850772,26,1,41,1,4145.737637531491,2.9612411696653504,7,0,2.9672680939193326
600,20.007,45.0,1920,1080,0.36442322530864196,37,1,24,1,537.9069810253964,0.3842192721609974,31,1,2.7587759661898996
600,20.007,70.0,1961,1103,0.9985839001046241,32,1,24,1,907.0285093561193,0.6478775066829424,31,1,2.9398140787331135
600,20.007,90.0,2800,1575,0.9990081632653062,32,1,22,1,1237.0713070670827,0.8836223621907734,14,1,5.385540628607625
600,20.007,120.0,4850,2728,0.9982824167850772,31,1,22,1,5936.7497872190925,4.2405355622993515,14,1,4.074709792461048
900,30.011,45.0,1920,1080,0.36442322530864196,41,1,23,1,544.8233098245651,0.3891595070175465,22,1,2.190160874649372
900,30.011,70.0,1961,1103,0.9985839001046241,36,1,22,1,893.4467799396369,0.638176271385455,27,1,3.821611330192578
900,30.011,90.0,2800,1575,0.9990081632653062,35,1,23,1,1533.8623626371868,1.0956159733122763,13,1,2.9055611895668867
900,30.011,120.0,4850,2728,0.9982824167850772,32,1,20,1,3050.7652786727253,2.179118056194804,9,0,1.837447109942503
1200,40.014,45.0,1920,1080,0.36442322530864196,0,0,0,0,,,,0,
1200,40.014,70.0,1961,1103,0.9985839001046241,33,1,14,1,984.8793547143625,0.7034852533674019,16,1,3.403235566283529
1200,40.014,90.0,2800,1575,0.9990081632653062,29,1,10,1,762.988116296226,0.5449915116401615,11,1,3.602036164734859
1200,40.014,120.0,4850,2728,0.9982824167850772,22,1,12,1,2542.4094801222045,1.8160067715158603,7,0,2.710760797482366
1500,50.018,45.0,1920,1080,0.36442322530864196,25,1,14,1,715.0607178337934,0.5107576555955667,16,1,3.2653275318563484
1500,50.018,70.0,1961,1103,0.9985839001046241,23,1,11,1,1492.781031133042,1.06627216509503,11,1,3.801474980441298
1500,50.018,90.0,2800,1575,0.9990081632653062,41,1,18,1,1434.8072062468636,1.0248622901763311,13,1,3.7320569970457673
1500,50.018,120.0,4850,2728,0.9982824167850772,46,1,19,1,7479.1389022392395,5.342242073028029,7,0,0.8177265577264842
1800,60.021,45.0,1920,1080,0.36442322530864196,0,0,0,0,,,,0,
1800,60.021,70.0,1961,1103,0.9985839001046241,30,1,10,1,888.0182059793216,0.6342987185566583,12,1,3.271455378804302
1800,60.021,90.0,2800,1575,0.9990081632653062,0,0,0,0,,,,0,
1800,60.021,120.0,4850,2728,0.9982824167850772,28,1,10,1,1954.0614131062073,1.3957581522187195,5,0,3.477182096182715
2100,70.025,45.0,1920,1080,0.36442322530864196,27,1,10,1,544.9149398149801,0.3892249570107001,20,1,4.226301370348512
2100,70.025,70.0,1961,1103,0.9985839001046241,39,1,16,1,904.1696186664728,0.6458354419046235,29,1,1.6770567339232938
2100,70.025,90.0,2800,1575,0.9990081632653062,38,1,13,1,1433.0560466440493,1.0236114618886065,9,0,3.873168309139769
2100,70.025,120.0,4850,2728,0.9982824167850772,36,1,14,1,4448.902735361833,3.177787668115595,7,0,0.6745402640213205
2400,80.028,45.0,1920,1080,0.36442322530864196,39,1,14,1,530.3275606573519,0.3788054004695371,32,1,4.892571126809751
2400,80.028,70.0,1961,1103,0.9985839001046241,62,1,18,1,908.0300861445614,0.6485929186746867,50,1,3.142159666161954
2400,80.028,90.0,2800,1575,0.9990081632653062,57,1,19,1,828.5718510895708,0.5918370364925506,12,1,4.764459976470266
2400,80.028,120.0,4850,2728,0.9982824167850772,59,1,20,1,2737.936777448592,1.955669126748994,7,0,0.9422719814184339
2700,90.032,45.0,1920,1080,0.36442322530864196,25,1,19,1,557.574364553984,0.3982674032528457,24,1,3.313482606574361
2700,90.032,70.0,1961,1103,0.9985839001046241,54,1,25,1,904.0276292529645,0.6457340208949747,44,1,3.5955486896248017
2700,90.032,90.0,2800,1575,0.9990081632653062,42,1,23,1,6075.452157891657,4.339608684208327,15,1,2.903945700527659
2700,90.032,120.0,4850,2728,0.9982824167850772,47,1,24,1,6888.270512046294,4.9201932228902105,14,1,4.282854743108956
3000,100.035,45.0,1920,1080,0.36442322530864196,0,0,0,0,,,,0,
3000,100.035,70.0,1961,1103,0.9985839001046241,28,1,12,1,887.0319344893037,0.6335942389209313,22,1,3.1704707520579083
3000,100.035,90.0,2800,1575,0.9990081632653062,28,1,13,1,1924.5615296191322,1.3746868068708087,13,1,3.751112586560712
3000,100.035,120.0,4850,2728,0.9982824167850772,29,1,13,1,1951.720166013838,1.3940858328670271,8,0,2.944414698477476
3300,110.039,45.0,1920,1080,0.36442322530864196,35,1,15,1,563.9191429716892,0.4027993878369209,32,1,2.6562253475081166
3300,110.039,70.0,1961,1103,0.9985839001046241,44,1,17,1,929.7706837400044,0.6641219169571461,36,1,3.4476889389509173
3300,110.039,90.0,2800,1575,0.9990081632653062,45,1,18,1,1288.9359164453156,0.920668511746654,11,1,3.0898677808709314
3300,110.039,120.0,4850,2728,0.9982824167850772,45,1,20,1,4931.939995392569,3.5228142824232633,9,0,7.111217765528774
3600,120.042,45.0,1920,1080,0.36442322530864196,27,1,16,1,851.3615891791565,0.6081154208422546,20,1,3.0322993381056778
3600,120.042,70.0,1961,1103,0.9985839001046241,30,1,16,1,933.480509466132,0.6667717924758086,27,1,4.266018563425425
3600,120.042,90.0,2800,1575,0.9990081632653062,30,1,15,1,1040.3298610589077,0.7430927578992198,13,1,3.5593492830629105
3600,120.042,120.0,4850,2728,0.9982824167850772,40,1,21,1,5827.147059092344,4.162247899351674,10,1,4.497050916505537
3900,130.046,45.0,1920,1080,0.36442322530864196,34,1,18,1,562.0773729390735,0.4014838378136239,30,1,2.348160284472308
3900,130.046,70.0,1961,1103,0.9985839001046241,41,1,22,1,900.0054956929786,0.6428610683521275,36,1,4.694055050099489
3900,130.046,90.0,2800,1575,0.9990081632653062,42,1,20,1,793.5939076439514,0.566852791174251,14,1,4.036193972189883
3900,130.046,120.0,4850,2728,0.9982824167850772,44,1,21,1,8223.329746067368,5.873806961476691,10,1,5.183415563156576
4200,140.049,45.0,1920,1080,0.36442322530864196,38,1,14,1,527.6039257606258,0.3768599469718755,35,1,2.7889937257673476
4200,140.049,70.0,1961,1103,0.9985839001046241,45,1,23,1,908.844480111636,0.6491746286511686,39,1,2.7846100557903286
4200,140.049,90.0,2800,1575,0.9990081632653062,44,1,20,1,770.0792623391928,0.5500566159565663,12,1,2.483645143373547
4200,140.049,120.0,4850,2728,0.9982824167850772,45,1,23,1,1995.4875003751613,1.4253482145536867,7,0,2.1639452997763327
4500,150.053,45.0,1920,1080,0.36442322530864196,28,1,13,1,551.6244606953012,0.39401747192521513,25,1,3.9323904216247803
4500,150.053,70.0,1961,1103,0.9985839001046241,28,1,16,1,898.6779815208224,0.6419128439434446,19,1,3.1772203213300565
4500,150.053,90.0,2800,1575,0.9990081632653062,25,1,10,1,875.8497802615615,0.6256069859011153,7,0,1.3226578704671372
4500,150.053,120.0,4850,2728,0.9982824167850772,17,1,10,1,6524.167850078125,4.660119892912947,4,0,5.0046408464929755
4800,160.056,45.0,1920,1080,0.36442322530864196,20,1,10,1,589.1090614595278,0.4207921867568055,15,1,2.223538301314833
4800,160.056,70.0,1961,1103,0.9985839001046241,38,1,14,1,929.0456057490042,0.6636040041064315,23,1,4.782119028613958
4800,160.056,90.0,2800,1575,0.9990081632653062,39,1,13,1,1785.6783958753615,1.275484568482401,11,1,1.7421074702078672
4800,160.056,120.0,4850,2728,0.9982824167850772,36,1,14,1,1591.2438629521025,1.1366027592515018,6,0,0.4854320481828271
5100,170.06,45.0,1920,1080,0.36442322530864196,21,1,10,1,822.206604028496,0.5872904314489258,11,1,3.1503852761157054
5100,170.06,70.0,1961,1103,0.9985839001046241,21,1,14,1,839.0305472718933,0.5993075337656381,15,1,4.177554060748817
5100,170.06,90.0,2800,1575,0.9990081632653062,20,1,13,1,2170.8271340570827,1.5505908100407735,12,1,5.2839663638031755
5100,170.06,120.0,4850,2728,0.9982824167850772,19,1,12,1,22709.69961196472,16.221214008546227,10,1,4.774092068350711
5400,180.063,45.0,1920,1080,0.36442322530864196,31,1,14,1,531.7649419821716,0.3798321014158369,20,1,2.61263217435903
5400,180.063,70.0,1961,1103,0.9985839001046241,22,1,11,1,903.626895719801,0.6454477826570008,17,1,3.704528997944805
5400,180.063,90.0,2800,1575,0.9990081632653062,34,1,11,1,1714.421802444455,1.2245870017460392,12,1,4.635203625655885
5400,180.063,120.0,4850,2728,0.9982824167850772,33,1,10,1,7002.069148442924,5.001477963173517,9,0,3.01494421881284
5700,190.067,45.0,1920,1080,0.36442322530864196,0,0,0,0,,,,0,
5700,190.067,70.0,1961,1103,0.9985839001046241,0,0,0,0,,,,0,
5700,190.067,90.0,2800,1575,0.9990081632653062,0,0,0,0,,,,0,
5700,190.067,120.0,4850,2728,0.9982824167850772,0,0,0,0,,,,0,
6000,200.07,45.0,1920,1080,0.36442322530864196,31,1,18,1,547.235924286033,0.3908828030614521,25,1,1.726540869810956
6000,200.07,70.0,1961,1103,0.9985839001046241,28,1,16,1,894.3957138783861,0.6388540813417044,20,1,2.5237201951962107
6000,200.07,90.0,2800,1575,0.9990081632653062,30,1,20,1,3331.97868974856,2.3799847783918286,9,0,4.688986088137835
6000,200.07,120.0,4850,2728,0.9982824167850772,30,1,18,1,2575.1042250411956,1.8393601607437111,9,0,5.356268617013949
6300,210.074,45.0,1920,1080,0.36442322530864196,32,1,14,1,535.8129240225726,0.3827235171589804,26,1,2.3645904529602833
6300,210.074,70.0,1961,1103,0.9985839001046241,39,1,14,1,889.0516523654013,0.6350368945467152,26,1,4.806704157011504
6300,210.074,90.0,2800,1575,0.9990081632653062,39,1,13,1,1222.7658494846341,0.8734041782033101,8,0,3.0207298122219948
6300,210.074,120.0,4850,2728,0.9982824167850772,37,1,16,1,2148.888374829758,1.5349202677355414,4,0,6.483239162495426
6600,220.077,45.0,1920,1080,0.36442322530864196,0,0,0,0,,,,0,
6600,220.077,70.0,1961,1103,0.9985839001046241,14,1,10,1,1013.5282361166437,0.7239487400833169,14,1,3.0925278247658285
6600,220.077,90.0,2800,1575,0.9990081632653062,14,1,10,1,1928.8278482968367,1.3777341773548835,10,1,3.187364397296035
6600,220.077,120.0,4850,2728,0.9982824167850772,0,0,0,0,,,,0,
6900,230.081,45.0,1920,1080,0.36442322530864196,0,0,0,0,,,,0,
6900,230.081,70.0,1961,1103,0.9985839001046241,23,1,10,1,922.4388963127118,0.6588849259376512,14,1,3.75433597355473
6900,230.081,90.0,2800,1575,0.9990081632653062,20,1,10,1,1128.721000682869,0.8062292862020494,9,0,2.5728504085060524
6900,230.081,120.0,4850,2728,0.9982824167850772,0,0,0,0,,,,0,
7200,240.085,45.0,1920,1080,0.36442322530864196,37,1,10,1,571.1262504171914,0.4079473217265653,34,1,2.3288670344412856
7200,240.085,70.0,1961,1103,0.9985839001046241,33,1,14,1,923.3323712674064,0.6595231223338617,33,1,3.1309151937384727
7200,240.085,90.0,2800,1575,0.9990081632653062,33,1,13,1,724.8989873159501,0.5177849909399643,12,1,4.486411414969631
7200,240.085,120.0,4850,2728,0.9982824167850772,27,1,14,1,5542.910574509787,3.959221838935562,5,0,6.436459094258262
7500,250.088,45.0,1920,1080,0.36442322530864196,0,0,0,0,,,,0,
7500,250.088,70.0,1961,1103,0.9985839001046241,24,1,10,1,938.4985883637574,0.670356134545541,18,1,3.741660402047822
7500,250.088,90.0,2800,1575,0.9990081632653062,23,1,11,1,2900.3837799839885,2.0717026999885633,9,0,5.489586046197512
7500,250.088,120.0,4850,2728,0.9982824167850772,23,1,11,1,103742.35254105707,74.10168038646934,8,0,1.9779098213613824
7800,260.092,45.0,1920,1080,0.36442322530864196,25,1,15,1,559.6415461365871,0.3997439615261336,18,1,2.795604008892597
7800,260.092,70.0,1961,1103,0.9985839001046241,30,1,13,1,902.4908464868226,0.6446363189191591,18,1,4.868086002892047
7800,260.092,90.0,2800,1575,0.9990081632653062,32,1,10,1,1423.4422941526202,1.0167444958233,13,1,3.5828328562179954
7800,260.092,120.0,4850,2728,0.9982824167850772,31,1,13,1,4630.010080459572,3.307150057471123,9,0,4.1020311932025555
8100,270.095,45.0,1920,1080,0.36442322530864196,28,1,12,1,561.8668401922116,0.40133345728015113,26,1,2.0469543272637294
8100,270.095,70.0,1961,1103,0.9985839001046241,37,1,14,1,912.2237866491561,0.6515884190351114,21,1,3.7568105791948825
8100,270.095,90.0,2800,1575,0.9990081632653062,35,1,10,1,2222.6468893329147,1.587604920952082,10,1,2.861687190014315
8100,270.095,120.0,4850,2728,0.9982824167850772,33,1,10,1,8446.870967527544,6.033479262519674,4,0,2.562503678349376
8400,280.099,45.0,1920,1080,0.36442322530864196,32,1,10,1,569.2322229121556,0.40659444493725405,27,1,3.2711877373955685
8400,280.099,70.0,1961,1103,0.9985839001046241,28,1,14,1,889.1143686902105,0.6350816919215789,28,1,2.9928540671581922
8400,280.099,90.0,2800,1575,0.9990081632653062,29,1,13,1,804.1183247916803,0.5743702319940573,10,1,3.240434290744693
8400,280.099,120.0,4850,2728,0.9982824167850772,29,1,12,1,8091.337861311655,5.779527043794039,8,0,1.3224872506729946
8700,290.102,45.0,1920,1080,0.36442322530864196,0,0,0,0,,,,0,
8700,290.102,70.0,1961,1103,0.9985839001046241,23,1,13,1,899.5135288702618,0.6425096634787584,16,1,5.58861652804874
8700,290.102,90.0,2800,1575,0.9990081632653062,23,1,13,1,1693.6348813889085,1.2097392009920775,10,1,3.4477261922435822
8700,290.102,120.0,4850,2728,0.9982824167850772,23,1,13,1,2620.9678340971295,1.8721198814979496,9,0,3.8607465325686454
9000,300.106,45.0,1920,1080,0.36442322530864196,14,1,10,1,1772.9197282624978,1.2663712344732128,10,1,3.337218308384199
9000,300.106,70.0,1961,1103,0.9985839001046241,32,1,24,1,962.7349084577941,0.6876677917555671,20,1,3.557039973046976
9000,300.106,90.0,2800,1575,0.9990081632653062,32,1,20,1,3805.221788776086,2.71801556341149,10,1,2.5507946671347392
9000,300.106,120.0,4850,2728,0.9982824167850772,24,1,24,1,3735.389174569941,2.668135124692815,8,0,3.845327530961627
9300,310.109,45.0,1920,1080,0.36442322530864196,31,1,20,1,541.6695261638722,0.38690680440276587,30,1,1.8947077206400331
9300,310.109,70.0,1961,1103,0.9985839001046241,36,1,20,1,893.5090903577004,0.6382207788269288,33,1,2.6722318644010823
9300,310.109,90.0,2800,1575,0.9990081632653062,35,1,22,1,863.5330579787649,0.6168093271276892,16,1,4.2846601709813354
9300,310.109,120.0,4850,2728,0.9982824167850772,39,1,20,1,4515.361347780592,3.2252581055575655,12,1,3.3035368586103555
9600,320.113,45.0,1920,1080,0.36442322530864196,19,1,15,1,531.4053787580343,0.37957527054145307,14,1,3.544749806002677
9600,320.113,70.0,1961,1103,0.9985839001046241,22,1,16,1,897.8681334520029,0.6413343810371449,13,1,4.299641241621763
9600,320.113,90.0,2800,1575,0.9990081632653062,22,1,19,1,3330.4908209295922,2.378922014949709,8,0,4.217491895987905
9600,320.113,120.0,4850,2728,0.9982824167850772,24,1,18,1,3593.4498128172127,2.566749866298009,6,0,6.228403779459575
9900,330.116,45.0,1920,1080,0.36442322530864196,11,1,10,1,643.988125835984,0.4599915184542743,10,1,1.6644050800474428
9900,330.116,70.0,1961,1103,0.9985839001046241,37,1,27,1,907.4393473552107,0.648170962396579,35,1,3.086209989531277
9900,330.116,90.0,2800,1575,0.9990081632653062,34,1,26,1,2453.479172406279,1.752485123147342,21,1,3.841654367977695
9900,330.116,120.0,4850,2728,0.9982824167850772,33,1,27,1,7016.510134070986,5.0117929529078475,21,1,2.9468719363063456
