target_frame,target_time_s,baseline_success,sharpest_offset_frames,sharpest_used_exact_frame,sharpest_value,sharpest_policy_success
0,0.0,1,-15,0,197.14,1
300,10.004,1,-15,0,123.51,1
600,20.007,1,-12,0,75.72,1
900,30.011,1,9,0,77.3,1
1200,40.014,1,9,0,74.67,1
1500,50.018,1,-3,0,72.72,1
1800,60.021,1,-15,0,93.13,1
2100,70.025,1,-15,0,67.39,1
2400,80.028,1,9,0,67.43,1
2700,90.032,1,-12,0,74.09,1
3000,100.035,1,-3,0,69.08,1
3300,110.039,1,-3,0,57.38,1
3600,120.042,1,-3,0,77.54,1
3900,130.046,1,-15,0,78.07,1
4200,140.049,1,-3,0,77.16,1
4500,150.053,1,9,0,88.5,1
4800,160.056,1,-15,0,68.26,1
5100,170.06,1,9,0,102.85,1
5400,180.063,1,-15,0,158.8,1
5700,190.067,0,-6,0,69.39,0
6000,200.07,1,12,0,65.34,1
6300,210.074,1,12,0,60.81,1
6600,220.077,0,-15,0,40.91,1
6900,230.081,1,-12,0,68.77,1
7200,240.085,1,12,0,47.12,1
7500,250.088,1,-12,0,69.82,1
7800,260.092,1,-9,0,149.06,1
8100,270.095,1,-3,0,54.19,1
8400,280.099,1,0,1,52.83,1
8700,290.102,1,-3,0,74.28,1
9000,300.106,1,-12,0,53.53,1
9300,310.109,1,12,0,61.45,1
9600,320.113,1,12,0,46.22,1
9900,330.116,1,12,0,63.62,1
