frame,time_s,candidate_matches,production_success,production_inliers,p4pf_success,p4pf_focal_px,p4pf_focal_ratio,p4pf_inliers,p4pf_median_reproj_error_px
0,0.0,18,1,10,1,831.074726635429,0.5936248047395921,13,3.700051229236309
300,10.004,31,1,39,1,932.0018712691249,0.6657156223350892,22,3.4815712712171596
600,20.007,31,1,25,1,897.413877927946,0.6410099128056758,28,2.5890017035980017
900,30.011,36,1,21,1,893.4453801425008,0.6381752715303577,24,2.7155929713597287
1200,40.014,26,1,13,1,938.0277006475649,0.670019786176832,19,2.084896085249546
1500,50.018,43,1,18,1,893.2229783804275,0.6380164131288768,19,2.582049200084972
1800,60.021,29,1,10,1,941.7586742192623,0.672684767299473,11,3.0770803019691106
2100,70.025,35,1,16,1,937.5869873454618,0.6697049909610442,24,2.320892186356817
2400,80.028,59,1,19,1,912.0331123332749,0.6514522230951963,46,3.470224644735659
2700,90.032,53,1,25,1,893.7164900732389,0.638368921480885,43,3.377703858150051
3000,100.035,31,1,13,1,908.1500268972436,0.6486785906408883,23,2.5097955954434683
3300,110.039,45,1,17,1,927.6535355039589,0.6626096682171135,38,2.9814749221298333
3600,120.042,27,1,19,1,899.0006534704489,0.6421433239074635,25,2.5005484702739773
3900,130.046,41,1,19,1,918.9871751762869,0.6564194108402049,33,3.3355315124491898
4200,140.049,44,1,22,1,908.9120684846016,0.6492229060604298,38,2.797317107618819
4500,150.053,35,1,14,1,900.673746019725,0.6433383900140892,26,3.105517546840515
4800,160.056,30,1,13,1,879.6753497680453,0.6283395355486038,17,4.463410408341396
5100,170.06,19,1,15,1,808.4533505865426,0.5774666789903875,15,4.001327054811063
5400,180.063,31,1,11,1,851.953655107191,0.608538325076565,18,4.01687834259426
5700,190.067,0,0,0,0,,,,
6000,200.07,29,1,18,1,891.6958967479625,0.6369256405342589,20,3.3903184627460035
6300,210.074,31,1,14,1,934.9666569487208,0.6678333263919435,21,2.9221494463602133
6600,220.077,16,1,10,1,1108.8761521505567,0.7920543943932548,8,1.6274244244528113
6900,230.081,22,1,10,1,925.1581888723713,0.6608272777659795,13,4.542259981305036
7200,240.085,34,1,14,1,926.5716276120777,0.6618368768657698,34,2.666987187753408
7500,250.088,24,1,11,1,936.0174872982109,0.6685839194987221,16,3.1461975754142637
7800,260.092,28,1,11,1,853.6040647610932,0.6097171891150666,17,2.3040025010148497
8100,270.095,32,1,11,1,923.7437308585975,0.6598169506132839,23,3.63177540013081
8400,280.099,33,1,13,1,912.3002417094464,0.6516430297924617,26,2.9086157910786525
8700,290.102,22,1,12,1,950.6407282161301,0.6790290915829501,13,3.754385272386369
9000,300.106,33,1,22,1,970.2214000164836,0.6930152857260597,22,4.483255684879419
9300,310.109,38,1,19,1,907.7263725777668,0.6483759804126906,35,3.551499083056692
9600,320.113,20,1,18,1,979.9972710546579,0.699998050753327,14,4.697420618478797
9900,330.116,17,1,24,1,922.825864740739,0.6591613319576707,13,1.852445600753976
