frame,time_s,config,success,num_matches,num_inliers,inlier_ratio,median_reproj_error,max_candidate_matches,elapsed_s
0,0.0,raw,0,0,0,0.0,inf,27,0.426
0,0.0,clahe,0,0,0,0.0,inf,24,0.193
0,0.0,unsharp,1,31,10,0.3225806451612903,2.631538665626793,31,0.172
0,0.0,clahe_unsharp,0,0,0,0.0,inf,26,0.182
385,9.989,raw,0,0,0,0.0,inf,8,0.165
385,9.989,clahe,0,0,0,0.0,inf,9,0.124
385,9.989,unsharp,0,0,0,0.0,inf,8,0.137
385,9.989,clahe_unsharp,0,0,0,0.0,inf,7,0.144
770,19.978,raw,0,0,0,0.0,inf,27,0.201
770,19.978,clahe,0,0,0,0.0,inf,24,0.173
770,19.978,unsharp,0,0,0,0.0,inf,28,0.191
770,19.978,clahe_unsharp,0,0,0,0.0,inf,29,0.18
1155,29.967,raw,0,0,0,0.0,inf,0,0.105
1155,29.967,clahe,0,0,0,0.0,inf,0,0.107
1155,29.967,unsharp,0,0,0,0.0,inf,0,0.102
1155,29.967,clahe_unsharp,0,0,0,0.0,inf,0,0.157
1540,39.956,raw,1,19,11,0.5789473684210527,1.9153882443966865,19,0.14
1540,39.956,clahe,1,21,11,0.5238095238095238,3.5369194729545335,21,0.143
1540,39.956,unsharp,1,20,11,0.55,2.706969400956474,20,0.135
1540,39.956,clahe_unsharp,1,17,10,0.5882352941176471,3.0638265296478684,20,0.145
1925,49.945,raw,0,0,0,0.0,inf,25,0.185
1925,49.945,clahe,0,0,0,0.0,inf,24,0.181
1925,49.945,unsharp,0,0,0,0.0,inf,23,0.172
1925,49.945,clahe_unsharp,0,0,0,0.0,inf,24,0.183
2310,59.934,raw,1,33,10,0.30303030303030304,2.3489184395428513,33,0.176
2310,59.934,clahe,1,37,12,0.32432432432432434,3.214457130854189,37,0.181
2310,59.934,unsharp,0,0,0,0.0,inf,30,0.175
2310,59.934,clahe_unsharp,1,34,12,0.35294117647058826,3.0966219823848045,34,0.169
2695,69.923,raw,1,18,10,0.5555555555555556,3.2041389986194524,18,0.131
2695,69.923,clahe,0,0,0,0.0,inf,16,0.119
2695,69.923,unsharp,1,18,10,0.5555555555555556,2.9397073862128864,19,0.13
2695,69.923,clahe_unsharp,0,0,0,0.0,inf,12,0.123
3080,79.912,raw,1,30,10,0.3333333333333333,3.2680309876869407,30,0.148
3080,79.912,clahe,0,0,0,0.0,inf,28,0.183
3080,79.912,unsharp,1,25,10,0.4,4.448990933650137,26,0.151
3080,79.912,clahe_unsharp,0,0,0,0.0,inf,27,0.18
3465,89.901,raw,0,0,0,0.0,inf,25,0.176
3465,89.901,clahe,0,0,0,0.0,inf,25,0.179
3465,89.901,unsharp,0,0,0,0.0,inf,25,0.176
3465,89.901,clahe_unsharp,0,0,0,0.0,inf,28,0.201
3850,99.89,raw,1,22,12,0.5454545454545454,3.177375410904843,22,0.144
3850,99.89,clahe,1,26,10,0.38461538461538464,3.484075926670565,26,0.15
3850,99.89,unsharp,0,0,0,0.0,inf,20,0.141
3850,99.89,clahe_unsharp,0,0,0,0.0,inf,23,0.142
4235,109.879,raw,0,0,0,0.0,inf,4,0.111
4235,109.879,clahe,0,0,0,0.0,inf,0,0.107
4235,109.879,unsharp,0,0,0,0.0,inf,0,0.115
4235,109.879,clahe_unsharp,0,0,0,0.0,inf,0,0.102
4620,119.869,raw,1,24,10,0.4166666666666667,4.582617913940368,24,0.158
4620,119.869,clahe,1,24,11,0.4583333333333333,5.392915977808131,24,0.146
4620,119.869,unsharp,0,0,0,0.0,inf,27,0.16
4620,119.869,clahe_unsharp,1,25,10,0.4,4.257930050421518,25,0.15
5005,129.858,raw,0,0,0,0.0,inf,19,0.147
5005,129.858,clahe,0,0,0,0.0,inf,16,0.148
5005,129.858,unsharp,0,0,0,0.0,inf,21,0.149
5005,129.858,clahe_unsharp,0,0,0,0.0,inf,15,0.146
5390,139.847,raw,0,0,0,0.0,inf,0,0.118
5390,139.847,clahe,0,0,0,0.0,inf,0,0.116
5390,139.847,unsharp,0,0,0,0.0,inf,0,0.117
5390,139.847,clahe_unsharp,0,0,0,0.0,inf,0,0.117
5775,149.836,raw,0,0,0,0.0,inf,18,0.156
5775,149.836,clahe,0,0,0,0.0,inf,14,0.142
5775,149.836,unsharp,0,0,0,0.0,inf,13,0.146
5775,149.836,clahe_unsharp,0,0,0,0.0,inf,13,0.135
6160,159.825,raw,1,28,14,0.5,4.244716092790913,30,0.165
6160,159.825,clahe,1,29,14,0.4827586206896552,3.575019419062177,33,0.148
6160,159.825,unsharp,1,28,15,0.5357142857142857,4.613385172018476,33,0.16
6160,159.825,clahe_unsharp,1,28,14,0.5,3.044600325158976,28,0.145
6545,169.814,raw,0,0,0,0.0,inf,7,0.122
6545,169.814,clahe,0,0,0,0.0,inf,6,0.149
6545,169.814,unsharp,0,0,0,0.0,inf,7,0.121
6545,169.814,clahe_unsharp,0,0,0,0.0,inf,7,0.153
6930,179.803,raw,0,0,0,0.0,inf,4,0.133
6930,179.803,clahe,0,0,0,0.0,inf,4,0.128
6930,179.803,unsharp,0,0,0,0.0,inf,0,0.126
6930,179.803,clahe_unsharp,0,0,0,0.0,inf,22,0.16
7315,189.792,raw,0,0,0,0.0,inf,26,0.198
7315,189.792,clahe,0,0,0,0.0,inf,34,0.221
7315,189.792,unsharp,0,0,0,0.0,inf,26,0.194
7315,189.792,clahe_unsharp,0,0,0,0.0,inf,33,0.203
7700,199.781,raw,1,46,15,0.32608695652173914,4.3494593744138665,53,0.166
7700,199.781,clahe,1,51,17,0.3333333333333333,3.221452712465697,58,0.166
7700,199.781,unsharp,1,47,14,0.2978723404255319,2.7857223832348135,55,0.164
7700,199.781,clahe_unsharp,1,47,17,0.3617021276595745,3.177261644507076,55,0.166
8085,209.77,raw,0,0,0,0.0,inf,17,0.142
8085,209.77,clahe,0,0,0,0.0,inf,20,0.138
8085,209.77,unsharp,0,0,0,0.0,inf,12,0.137
8085,209.77,clahe_unsharp,0,0,0,0.0,inf,17,0.136
8470,219.759,raw,1,41,12,0.2926829268292683,4.765691172564486,41,0.174
8470,219.759,clahe,1,43,15,0.3488372093023256,3.056848757989165,43,0.164
8470,219.759,unsharp,1,30,10,0.3333333333333333,3.2459977579482233,44,0.154
8470,219.759,clahe_unsharp,1,28,11,0.39285714285714285,2.5640663146317646,41,0.159
8855,229.748,raw,0,0,0,0.0,inf,0,0.111
8855,229.748,clahe,0,0,0,0.0,inf,0,0.111
8855,229.748,unsharp,0,0,0,0.0,inf,0,0.11
8855,229.748,clahe_unsharp,0,0,0,0.0,inf,0,0.12
9240,239.737,raw,0,0,0,0.0,inf,7,0.11
9240,239.737,clahe,0,0,0,0.0,inf,8,0.112
9240,239.737,unsharp,0,0,0,0.0,inf,6,0.133
9240,239.737,clahe_unsharp,0,0,0,0.0,inf,8,0.115
9625,249.726,raw,0,0,0,0.0,inf,0,0.098
9625,249.726,clahe,0,0,0,0.0,inf,5,0.128
9625,249.726,unsharp,0,0,0,0.0,inf,0,0.095
9625,249.726,clahe_unsharp,0,0,0,0.0,inf,0,0.096
10010,259.715,raw,1,26,12,0.46153846153846156,3.0967557717366283,30,0.137
10010,259.715,clahe,1,30,13,0.43333333333333335,2.437115701186123,31,0.136
10010,259.715,unsharp,1,25,12,0.48,3.49319798054717,28,0.142
10010,259.715,clahe_unsharp,1,27,13,0.48148148148148145,3.7572205969841557,30,0.138
10395,269.704,raw,0,0,0,0.0,inf,25,0.177
10395,269.704,clahe,0,0,0,0.0,inf,27,0.177
10395,269.704,unsharp,0,0,0,0.0,inf,27,0.149
10395,269.704,clahe_unsharp,0,0,0,0.0,inf,26,0.184
10780,279.693,raw,1,33,10,0.30303030303030304,3.495870239197777,38,0.181
10780,279.693,clahe,1,30,11,0.36666666666666664,2.6785252891939795,40,0.174
10780,279.693,unsharp,1,36,10,0.2777777777777778,4.445024629801923,36,0.196
10780,279.693,clahe_unsharp,1,33,11,0.3333333333333333,2.4243578802907364,44,0.197
11165,289.682,raw,1,33,14,0.42424242424242425,2.373262506129665,33,0.14
11165,289.682,clahe,1,35,16,0.45714285714285713,2.0820813347340428,35,0.146
11165,289.682,unsharp,1,31,15,0.4838709677419355,2.2816416795150647,32,0.142
11165,289.682,clahe_unsharp,1,31,14,0.45161290322580644,2.7271201195011865,31,0.149
11550,299.671,raw,1,24,11,0.4583333333333333,2.8159120336772756,24,0.135
11550,299.671,clahe,0,0,0,0.0,inf,26,0.153
11550,299.671,unsharp,0,0,0,0.0,inf,22,0.146
11550,299.671,clahe_unsharp,0,0,0,0.0,inf,27,0.164
11935,309.66,raw,1,28,14,0.5,2.761215727323194,32,0.138
11935,309.66,clahe,1,30,15,0.5,2.9681403823800583,32,0.135
11935,309.66,unsharp,1,28,15,0.5357142857142857,3.439290199236701,30,0.127
11935,309.66,clahe_unsharp,1,32,14,0.4375,4.448986575858383,32,0.13
12320,319.649,raw,0,0,0,0.0,inf,11,0.147
12320,319.649,clahe,0,0,0,0.0,inf,15,0.138
12320,319.649,unsharp,0,0,0,0.0,inf,12,0.164
12320,319.649,clahe_unsharp,0,0,0,0.0,inf,12,0.163
12705,329.638,raw,0,0,0,0.0,inf,19,0.133
12705,329.638,clahe,0,0,0,0.0,inf,21,0.143
12705,329.638,unsharp,0,0,0,0.0,inf,20,0.136
12705,329.638,clahe_unsharp,0,0,0,0.0,inf,20,0.138
13090,339.627,raw,0,0,0,0.0,inf,12,0.113
13090,339.627,clahe,0,0,0,0.0,inf,12,0.146
13090,339.627,unsharp,0,0,0,0.0,inf,11,0.106
13090,339.627,clahe_unsharp,0,0,0,0.0,inf,13,0.169
13475,349.617,raw,0,0,0,0.0,inf,0,0.106
13475,349.617,clahe,0,0,0,0.0,inf,4,0.095
13475,349.617,unsharp,0,0,0,0.0,inf,0,0.091
13475,349.617,clahe_unsharp,0,0,0,0.0,inf,0,0.094
13860,359.606,raw,0,0,0,0.0,inf,8,0.119
13860,359.606,clahe,0,0,0,0.0,inf,6,0.136
13860,359.606,unsharp,0,0,0,0.0,inf,5,0.14
13860,359.606,clahe_unsharp,0,0,0,0.0,inf,5,0.138
14245,369.595,raw,1,45,13,0.28888888888888886,4.360638549467795,45,0.158
14245,369.595,clahe,1,57,15,0.2631578947368421,3.2598902877612077,57,0.165
14245,369.595,unsharp,1,44,14,0.3181818181818182,2.9940060288948933,48,0.162
14245,369.595,clahe_unsharp,1,53,15,0.2830188679245283,3.2899178596331047,53,0.167
14630,379.584,raw,1,42,17,0.40476190476190477,2.663742875735679,42,0.135
14630,379.584,clahe,1,36,16,0.4444444444444444,2.8904841587309553,51,0.132
14630,379.584,unsharp,1,39,16,0.41025641025641024,2.097906189906835,42,0.129
14630,379.584,clahe_unsharp,1,44,17,0.38636363636363635,3.4653329002812625,52,0.145
15015,389.573,raw,0,0,0,0.0,inf,0,0.111
15015,389.573,clahe,0,0,0,0.0,inf,0,0.101
15015,389.573,unsharp,0,0,0,0.0,inf,6,0.13
15015,389.573,clahe_unsharp,0,0,0,0.0,inf,0,0.101
15400,399.562,raw,1,35,12,0.34285714285714286,3.5752073545694945,42,0.17
15400,399.562,clahe,1,36,11,0.3055555555555556,3.2160403834567326,36,0.19
15400,399.562,unsharp,1,41,13,0.3170731707317073,2.680530519974637,43,0.155
15400,399.562,clahe_unsharp,1,40,12,0.3,2.6546351560272803,40,0.196
15785,409.551,raw,0,0,0,0.0,inf,26,0.167
15785,409.551,clahe,0,0,0,0.0,inf,26,0.158
15785,409.551,unsharp,0,0,0,0.0,inf,25,0.169
15785,409.551,clahe_unsharp,0,0,0,0.0,inf,25,0.167
16170,419.54,raw,1,35,12,0.34285714285714286,2.2731484162166886,45,0.176
16170,419.54,clahe,1,37,12,0.32432432432432434,3.618794176830785,53,0.19
16170,419.54,unsharp,1,33,11,0.3333333333333333,4.211165992719549,43,0.171
16170,419.54,clahe_unsharp,1,36,12,0.3333333333333333,4.786629213240607,50,0.213
16555,429.529,raw,0,0,0,0.0,inf,21,0.172
16555,429.529,clahe,0,0,0,0.0,inf,22,0.176
16555,429.529,unsharp,0,0,0,0.0,inf,20,0.17
16555,429.529,clahe_unsharp,0,0,0,0.0,inf,22,0.161
16940,439.518,raw,1,45,13,0.28888888888888886,3.357215239353093,45,0.169
16940,439.518,clahe,1,30,11,0.36666666666666664,3.8891324505531117,38,0.181
16940,439.518,unsharp,1,46,14,0.30434782608695654,4.006973091718769,46,0.167
16940,439.518,clahe_unsharp,1,33,11,0.3333333333333333,4.0936984963262635,33,0.177
17325,449.507,raw,1,30,15,0.5,2.6278859924976277,45,0.139
17325,449.507,clahe,1,26,12,0.46153846153846156,2.1912083123177513,26,0.159
17325,449.507,unsharp,1,31,14,0.45161290322580644,3.501768272965977,38,0.138
17325,449.507,clahe_unsharp,1,26,13,0.5,3.014496037264022,26,0.148
17710,459.496,raw,1,32,15,0.46875,3.0158705157003376,32,0.144
17710,459.496,clahe,1,35,14,0.4,2.865965094662818,35,0.146
17710,459.496,unsharp,1,35,15,0.42857142857142855,2.9561209677635674,35,0.137
17710,459.496,clahe_unsharp,1,31,13,0.41935483870967744,2.926253474110137,32,0.147
18095,469.485,raw,1,27,10,0.37037037037037035,4.381304507910685,30,0.15
18095,469.485,clahe,1,21,10,0.47619047619047616,2.5488017850870355,31,0.138
18095,469.485,unsharp,1,29,10,0.3448275862068966,3.310149472418402,32,0.146
18095,469.485,clahe_unsharp,1,27,10,0.37037037037037035,1.554889346677803,33,0.147
18480,479.474,raw,0,0,0,0.0,inf,4,0.125
18480,479.474,clahe,0,0,0,0.0,inf,8,0.152
18480,479.474,unsharp,0,0,0,0.0,inf,4,0.123
18480,479.474,clahe_unsharp,0,0,0,0.0,inf,7,0.146
18865,489.463,raw,0,0,0,0.0,inf,9,0.13
18865,489.463,clahe,0,0,0,0.0,inf,9,0.134
18865,489.463,unsharp,0,0,0,0.0,inf,8,0.122
18865,489.463,clahe_unsharp,0,0,0,0.0,inf,10,0.135
19250,499.452,raw,0,0,0,0.0,inf,6,0.111
19250,499.452,clahe,0,0,0,0.0,inf,7,0.133
19250,499.452,unsharp,0,0,0,0.0,inf,6,0.115
19250,499.452,clahe_unsharp,0,0,0,0.0,inf,6,0.14
19635,509.441,raw,0,0,0,0.0,inf,0,0.116
19635,509.441,clahe,0,0,0,0.0,inf,5,0.141
19635,509.441,unsharp,0,0,0,0.0,inf,0,0.116
19635,509.441,clahe_unsharp,0,0,0,0.0,inf,0,0.126
20020,519.43,raw,0,0,0,0.0,inf,14,0.131
20020,519.43,clahe,0,0,0,0.0,inf,12,0.126
20020,519.43,unsharp,0,0,0,0.0,inf,11,0.129
20020,519.43,clahe_unsharp,0,0,0,0.0,inf,12,0.122
