frame,time_s,n_correspondences,heading_original_deg,heading_constrained_deg,constrained_reproj_error_px,original_reproj_error_px
0,0.0,10,171.02591608000762,170.6899883867274,21.239,3.693292444028384
770,19.978,11,107.4808659623821,108.31288835750618,19.3,3.7066122207958605
1540,39.956,10,-58.9308035244707,-58.83069349524095,4.821,1.4965459168167525
1925,49.945,10,-88.0006595165464,-87.23743413701646,8.681,2.9954128169144347
2310,59.934,13,-76.65896738743606,-76.18002833370046,22.802,3.34759494902479
2695,69.923,10,-6.650035877506163,-6.479606449700353,2.575,2.6287209324925054
3080,79.912,12,5.984866845420845,6.787371016428268,3.884,3.2925848534536932
3850,99.89,10,-131.6390587428654,-131.93784821547172,6.658,2.043519335751961
4620,119.869,10,178.2814708755409,174.6523511828732,3.699,3.6546316533552594
5005,129.858,10,-116.86831000027222,-117.39920058782789,4.186,2.6380902605271705
6160,159.825,10,34.68806360217032,30.40454977708182,18.606,2.552316690670179
7315,189.792,11,-39.43854685054192,-44.36522556693091,36.906,3.395387339906088
7700,199.781,12,-20.30438629003754,-20.27966982007605,28.132,2.300013580121197
8470,219.759,12,-29.497815717522816,-34.21772725858961,12.71,3.423254052573827
10010,259.715,16,103.014291528934,103.45791410677293,5.74,3.4365945943194314
10395,269.704,10,58.064789167684395,65.36998185251451,6.22,2.687793689454835
10780,279.693,13,-161.03992915284243,-161.23786651231845,18.78,3.301143082165782
11165,289.682,19,176.5347548132536,177.32801170779666,4.258,2.421576194704684
11935,309.66,17,30.41002953935329,35.063408434161595,12.032,2.1449908388491155
14245,369.595,19,-6.632672730936844,-6.776144937298554,23.215,3.626894206021816
14630,379.584,13,-8.661917962075998,-7.9631926128166794,8.907,3.341641770991544
15400,399.562,13,171.31097240678275,170.84884443364956,9.647,2.795037289402518
15785,409.551,10,175.42419719551424,176.07068697406572,15.898,3.504193191199432
16170,419.54,15,150.94403097106274,152.03265433403524,6.776,2.4420657417555276
16940,439.518,13,18.701383663462835,22.804539989618412,13.439,4.552797909016264
17325,449.507,10,107.8657771421607,113.62836809130788,8.206,1.4301809241278676
17710,459.496,20,179.84147001271688,-178.76983768618675,4.269,2.9031592701776354
18095,469.485,10,-168.95984466070902,-168.52256292195779,3.621,1.5711476052651419
