frame,time_s,cheap_success,cheap_max_raw_inliers,escalated,final_success,cheap_elapsed_s,total_elapsed_s
0,0.0,0,0,1,1,0.3554,0.795
300,10.004,1,32,0,1,0.1415,0.1415
600,20.007,1,20,0,1,0.1384,0.1384
900,30.011,1,18,0,1,0.1524,0.1524
1200,40.014,0,7,1,1,0.207,0.9205
1500,50.018,1,15,0,1,0.1533,0.1533
1800,60.021,1,10,0,1,0.1525,0.1525
2100,70.025,1,13,0,1,0.1868,0.1868
2400,80.028,1,15,0,1,0.1761,0.1761
2700,90.032,1,23,0,1,0.1404,0.1404
3000,100.035,1,11,0,1,0.1786,0.1786
3300,110.039,1,21,0,1,0.1652,0.1652
3600,120.042,1,18,0,1,0.1327,0.1327
3900,130.046,1,15,0,1,0.2139,0.2139
4200,140.049,1,16,0,1,0.1424,0.1424
4500,150.053,1,11,0,1,0.148,0.148
4800,160.056,1,11,0,1,0.1483,0.1483
5100,170.06,1,11,0,1,0.1889,0.1889
5400,180.063,1,16,0,1,0.1525,0.1525
5700,190.067,0,0,1,0,0.133,0.5918
6000,200.07,1,17,0,1,0.1567,0.1567
6300,210.074,1,13,0,1,0.1562,0.1562
6600,220.077,0,8,1,0,0.1531,0.7268
6900,230.081,1,10,0,1,0.1452,0.1452
7200,240.085,1,13,0,1,0.1541,0.1541
7500,250.088,0,8,1,1,0.1395,0.5662
7800,260.092,1,10,0,1,0.1442,0.1442
8100,270.095,1,13,0,1,0.1483,0.1483
8400,280.099,1,10,0,1,0.1911,0.1911
8700,290.102,0,8,1,1,0.1376,0.5987
9000,300.106,1,19,0,1,0.1267,0.1267
9300,310.109,1,20,0,1,0.1412,0.1412
9600,320.113,1,17,0,1,0.1316,0.1316
9900,330.116,1,19,0,1,0.1278,0.1278
