frame,time_s,num_inliers_used,map_focal_px,best_fit_focal_px,focal_ratio_query_over_map,best_fit_median_reproj_error_px,production_median_reproj_error_px
300,10.004,37,1400.0,1380.0,0.9857142857142858,2.886358764436549,3.421085220707453
600,20.007,21,1400.0,1060.0,0.7571428571428571,2.3259143073278676,2.9107104023476604
900,30.011,19,1400.0,1220.0,0.8714285714285714,1.994235857854237,3.621859163573538
1500,50.018,13,1400.0,1260.0,0.9,2.8149945807989334,2.773722307536032
2100,70.025,16,1400.0,780.0,0.5571428571428572,2.2543502633225785,3.046332305334859
2400,80.028,13,1400.0,1100.0,0.7857142857142857,2.9509927204097974,3.549528596632638
2700,90.032,21,1400.0,1060.0,0.7571428571428571,2.1594321889182866,3.361869806862111
3000,100.035,10,1400.0,1040.0,0.7428571428571429,1.9711796072918166,1.6408162640909918
3300,110.039,21,1400.0,940.0,0.6714285714285714,2.9611948519376807,4.084018971528488
3600,120.042,16,1400.0,840.0,0.6,2.4106022341715327,4.011353057221415
3900,130.046,16,1400.0,1320.0,0.9428571428571428,2.705667033445761,2.3328935663070727
4200,140.049,17,1400.0,1060.0,0.7571428571428571,1.8137178834535082,2.5149884328940515
4500,150.053,10,1400.0,1020.0,0.7285714285714285,1.7002181988158596,2.816780131616404
4800,160.056,13,1400.0,1140.0,0.8142857142857143,2.448894908065822,3.0231055132198064
5400,180.063,13,1400.0,1180.0,0.8428571428571429,2.4924617784879004,3.463227360407218
6000,200.07,17,1400.0,1060.0,0.7571428571428571,2.10237597178744,3.6939433980523053
6300,210.074,15,1400.0,1100.0,0.7857142857142857,2.490039852528947,4.301117938629128
7200,240.085,12,1400.0,1800.0,1.2857142857142858,22.185637886948697,2.678606960708547
7800,260.092,10,1400.0,1400.0,1.0,2.0888834088362063,2.4039659497533377
8100,270.095,15,1400.0,980.0,0.7,1.610851173202253,2.404208705677565
8400,280.099,10,1400.0,760.0,0.5428571428571428,0.9842843094448281,2.6313831506570957
9000,300.106,20,1400.0,1000.0,0.7142857142857143,2.645931499981687,2.928266429183558
9300,310.109,21,1400.0,920.0,0.6571428571428571,2.393559101855142,2.991297041016079
9600,320.113,19,1400.0,1340.0,0.9571428571428572,2.8270341762728366,3.6847519153611037
9900,330.116,18,1400.0,1180.0,0.8428571428571429,2.156342774231489,2.638488417992066
