frame,time_s,config,kind,source_hfov,yaw_deg,exact_reference_size,valid_pixel_fraction,success,failure_stage,method,x_px,y_px,heading_deg,matched_keyframe,retrieval_top1,retrieval_top1_score,num_matches,num_inliers,inlier_ratio,median_reproj_error,max_candidate_matches,max_raw_pnp_inliers,elapsed_s
0,0.0,raw_production,raw,,0.0,0,1.0,0,pnp_insufficient_inliers,,,,,,3092,0.42732495,0,0,0.0,inf,26,9,0.419
0,0.0,raw_exact_1920x1080,raw,,0.0,1,1.0,0,quality_or_pose_gate,,,,,,3092,0.42732495,0,0,0.0,inf,27,10,0.172
0,0.0,vc_hfov_100_yaw_+0,virtual_camera,100.0,0.0,1,0.999168,1,success,PnP,262.814,151.974,-86.239,3093,3092,0.44115827,31,11,0.3548387096774194,3.585610431529041,31,11,0.17
0,0.0,vc_hfov_110_yaw_+0,virtual_camera,110.0,0.0,1,0.998806,1,success,PnP,263.425,152.421,-84.773,3094,3092,0.4532914,32,11,0.34375,5.016944100090012,32,11,0.172
385,9.989,raw_production,raw,,0.0,0,1.0,0,pnp_insufficient_inliers,,,,,,272,0.25021775,0,0,0.0,inf,7,4,0.153
385,9.989,raw_exact_1920x1080,raw,,0.0,1,1.0,0,pnp_insufficient_inliers,,,,,,272,0.25021775,0,0,0.0,inf,8,4,0.158
385,9.989,vc_hfov_100_yaw_+0,virtual_camera,100.0,0.0,1,0.999168,0,pnp_insufficient_inliers,,,,,,272,0.25358738,0,0,0.0,inf,7,4,0.158
385,9.989,vc_hfov_110_yaw_+0,virtual_camera,110.0,0.0,1,0.998806,0,pnp_insufficient_inliers,,,,,,272,0.26365953,0,0,0.0,inf,7,6,0.158
770,19.978,raw_production,raw,,0.0,0,1.0,0,pnp_insufficient_inliers,,,,,,187,0.49805369,0,0,0.0,inf,30,9,0.183
770,19.978,raw_exact_1920x1080,raw,,0.0,1,1.0,0,pnp_insufficient_inliers,,,,,,187,0.49805369,0,0,0.0,inf,27,8,0.189
770,19.978,vc_hfov_100_yaw_+0,virtual_camera,100.0,0.0,1,0.999168,0,pnp_insufficient_inliers,,,,,,187,0.49840356,0,0,0.0,inf,28,8,0.192
770,19.978,vc_hfov_110_yaw_+0,virtual_camera,110.0,0.0,1,0.998806,0,pnp_insufficient_inliers,,,,,,187,0.49348777,0,0,0.0,inf,29,9,0.19
1155,29.967,raw_production,raw,,0.0,0,1.0,0,local_matching,,,,,,758,0.25705104,0,0,0.0,inf,0,0,0.108
1155,29.967,raw_exact_1920x1080,raw,,0.0,1,1.0,0,local_matching,,,,,,758,0.25705104,0,0,0.0,inf,0,0,0.103
1155,29.967,vc_hfov_100_yaw_+0,virtual_camera,100.0,0.0,1,0.999168,0,local_matching,,,,,,759,0.27777511,0,0,0.0,inf,0,0,0.11
1155,29.967,vc_hfov_110_yaw_+0,virtual_camera,110.0,0.0,1,0.998806,0,local_matching,,,,,,758,0.25716979,0,0,0.0,inf,0,0,0.152
1540,39.956,raw_production,raw,,0.0,0,1.0,1,success,PnP,59.321,126.307,139.623,273,271,0.41456198,15,10,0.6666666666666666,1.4965459168167525,24,13,0.162
1540,39.956,raw_exact_1920x1080,raw,,0.0,1,1.0,1,success,PnP,66.579,133.101,141.422,271,271,0.41456198,19,11,0.5789473684210527,1.9153882443966865,19,11,0.14
1540,39.956,vc_hfov_100_yaw_+0,virtual_camera,100.0,0.0,1,0.999168,1,success,PnP,68.818,130.455,139.711,271,271,0.41637527,19,14,0.7368421052631579,3.903885946998347,20,14,0.14
1540,39.956,vc_hfov_110_yaw_+0,virtual_camera,110.0,0.0,1,0.998806,1,success,PnP,59.754,128.228,140.312,272,271,0.41751169,21,13,0.6190476190476191,2.6404498508492327,21,13,0.146
1925,49.945,raw_production,raw,,0.0,0,1.0,0,pnp_insufficient_inliers,,,,,,283,0.48819252,0,0,0.0,inf,23,8,0.17
1925,49.945,raw_exact_1920x1080,raw,,0.0,1,1.0,0,pnp_insufficient_inliers,,,,,,283,0.48819252,0,0,0.0,inf,25,8,0.176
1925,49.945,vc_hfov_100_yaw_+0,virtual_camera,100.0,0.0,1,0.999168,0,pnp_insufficient_inliers,,,,,,283,0.4907841,0,0,0.0,inf,25,7,0.191
1925,49.945,vc_hfov_110_yaw_+0,virtual_camera,110.0,0.0,1,0.998806,0,pnp_insufficient_inliers,,,,,,283,0.48572307,0,0,0.0,inf,25,7,0.184
2310,59.934,raw_production,raw,,0.0,0,1.0,1,success,PnP,176.405,167.908,161.341,369,369,0.50638088,34,10,0.29411764705882354,2.438468977708931,34,10,0.177
2310,59.934,raw_exact_1920x1080,raw,,0.0,1,1.0,1,success,PnP,174.155,168.966,161.892,369,369,0.50638088,33,10,0.30303030303030304,2.3489184395428513,33,10,0.185
2310,59.934,vc_hfov_100_yaw_+0,virtual_camera,100.0,0.0,1,0.999168,1,success,PnP,173.898,166.876,160.389,369,369,0.50263454,31,11,0.3548387096774194,4.339600239414573,31,11,0.168
2310,59.934,vc_hfov_110_yaw_+0,virtual_camera,110.0,0.0,1,0.998806,1,success,PnP,123.972,146.93,152.527,369,369,0.50214677,34,10,0.29411764705882354,3.954274518439072,34,10,0.173
2695,69.923,raw_production,raw,,0.0,0,1.0,1,success,PnP,236.513,152.428,87.211,439,437,0.36017407,18,10,0.5555555555555556,2.6287209324925054,19,10,0.132
2695,69.923,raw_exact_1920x1080,raw,,0.0,1,1.0,1,success,PnP,235.404,151.845,88.091,439,437,0.36017407,18,10,0.5555555555555556,3.2041389986194524,18,10,0.127
2695,69.923,vc_hfov_100_yaw_+0,virtual_camera,100.0,0.0,1,0.999168,1,success,PnP,236.631,151.685,86.706,439,437,0.361612,19,11,0.5789473684210527,2.752593942296679,21,11,0.152
2695,69.923,vc_hfov_110_yaw_+0,virtual_camera,110.0,0.0,1,0.998806,1,success,PnP,236.118,151.923,87.304,439,439,0.36331318,19,12,0.631578947368421,4.2701011325832825,23,12,0.138
3080,79.912,raw_production,raw,,0.0,0,1.0,0,pnp_insufficient_inliers,,,,,,446,0.4825576,0,0,0.0,inf,30,9,0.167
3080,79.912,raw_exact_1920x1080,raw,,0.0,1,1.0,1,success,PnP,262.611,148.027,69.291,449,446,0.4825576,30,10,0.3333333333333333,3.2680309876869407,30,10,0.144
3080,79.912,vc_hfov_100_yaw_+0,virtual_camera,100.0,0.0,1,0.999168,0,pnp_insufficient_inliers,,,,,,446,0.47906016,0,0,0.0,inf,30,9,0.166
3080,79.912,vc_hfov_110_yaw_+0,virtual_camera,110.0,0.0,1,0.998806,1,success,PnP,248.578,160.864,80.801,446,2144,0.48108573,28,10,0.35714285714285715,3.8251957314110463,28,10,0.193
3465,89.901,raw_production,raw,,0.0,0,1.0,0,pnp_insufficient_inliers,,,,,,512,0.54346963,0,0,0.0,inf,26,8,0.168
3465,89.901,raw_exact_1920x1080,raw,,0.0,1,1.0,0,pnp_insufficient_inliers,,,,,,512,0.54346963,0,0,0.0,inf,25,7,0.171
3465,89.901,vc_hfov_100_yaw_+0,virtual_camera,100.0,0.0,1,0.999168,0,pnp_insufficient_inliers,,,,,,512,0.53748681,0,0,0.0,inf,23,7,0.164
3465,89.901,vc_hfov_110_yaw_+0,virtual_camera,110.0,0.0,1,0.998806,0,pnp_insufficient_inliers,,,,,,512,0.53449514,0,0,0.0,inf,25,8,0.177
3850,99.89,raw_production,raw,,0.0,0,1.0,1,success,PnP,244.434,244.354,212.2,658,657,0.59606328,19,10,0.5263157894736842,2.043519335751961,21,10,0.152
3850,99.89,raw_exact_1920x1080,raw,,0.0,1,1.0,1,success,PnP,259.927,235.75,212.039,658,657,0.59606328,22,12,0.5454545454545454,3.177375410904843,22,12,0.142
3850,99.89,vc_hfov_100_yaw_+0,virtual_camera,100.0,0.0,1,0.999168,1,success,PnP,243.983,243.972,211.747,657,657,0.5996212,22,10,0.45454545454545453,3.2556581049626425,22,10,0.154
3850,99.89,vc_hfov_110_yaw_+0,virtual_camera,110.0,0.0,1,0.998806,1,success,PnP,244.82,243.66,211.819,657,657,0.59809287,21,11,0.5238095238095238,3.109265038443123,21,11,0.152
4235,109.879,raw_production,raw,,0.0,0,1.0,0,local_matching,,,,,,3091,0.25915092,0,0,0.0,inf,0,0,0.116
4235,109.879,raw_exact_1920x1080,raw,,0.0,1,1.0,0,pnp_insufficient_inliers,,,,,,3091,0.25915092,0,0,0.0,inf,4,4,0.112
4235,109.879,vc_hfov_100_yaw_+0,virtual_camera,100.0,0.0,1,0.999168,0,local_matching,,,,,,730,0.25381099,0,0,0.0,inf,0,0,0.118
4235,109.879,vc_hfov_110_yaw_+0,virtual_camera,110.0,0.0,1,0.998806,0,local_matching,,,,,,3091,0.25636225,0,0,0.0,inf,0,0,0.124
4620,119.869,raw_production,raw,,0.0,0,1.0,0,pnp_insufficient_inliers,,,,,,752,0.62788279,0,0,0.0,inf,24,9,0.221
4620,119.869,raw_exact_1920x1080,raw,,0.0,1,1.0,1,success,PnP,308.255,169.597,-95.411,751,752,0.62788279,24,10,0.4166666666666667,4.582617913940368,24,10,0.157
4620,119.869,vc_hfov_100_yaw_+0,virtual_camera,100.0,0.0,1,0.999168,1,success,PnP,311.521,170.747,-90.79,751,752,0.6208107,27,10,0.37037037037037035,2.978034890531616,27,10,0.168
4620,119.869,vc_hfov_110_yaw_+0,virtual_camera,110.0,0.0,1,0.998806,0,pnp_insufficient_inliers,,,,,,752,0.62470706,0,0,0.0,inf,25,9,0.162
5005,129.858,raw_production,raw,,0.0,0,1.0,0,pnp_insufficient_inliers,,,,,,826,0.43913491,0,0,0.0,inf,16,7,0.151
5005,129.858,raw_exact_1920x1080,raw,,0.0,1,1.0,0,pnp_insufficient_inliers,,,,,,826,0.43913491,0,0,0.0,inf,19,9,0.145
5005,129.858,vc_hfov_100_yaw_+0,virtual_camera,100.0,0.0,1,0.999168,0,pnp_insufficient_inliers,,,,,,826,0.44045795,0,0,0.0,inf,19,9,0.151
5005,129.858,vc_hfov_110_yaw_+0,virtual_camera,110.0,0.0,1,0.998806,0,pnp_insufficient_inliers,,,,,,826,0.45081466,0,0,0.0,inf,19,9,0.158
5390,139.847,raw_production,raw,,0.0,0,1.0,0,local_matching,,,,,,849,0.4217821,0,0,0.0,inf,0,0,0.123
5390,139.847,raw_exact_1920x1080,raw,,0.0,1,1.0,0,local_matching,,,,,,849,0.4217821,0,0,0.0,inf,0,0,0.118
5390,139.847,vc_hfov_100_yaw_+0,virtual_camera,100.0,0.0,1,0.999168,0,local_matching,,,,,,849,0.42478343,0,0,0.0,inf,0,0,0.127
5390,139.847,vc_hfov_110_yaw_+0,virtual_camera,110.0,0.0,1,0.998806,0,local_matching,,,,,,849,0.42730274,0,0,0.0,inf,0,0,0.13
5775,149.836,raw_production,raw,,0.0,0,1.0,0,pnp_insufficient_inliers,,,,,,3224,0.33781549,0,0,0.0,inf,18,6,0.154
5775,149.836,raw_exact_1920x1080,raw,,0.0,1,1.0,0,pnp_insufficient_inliers,,,,,,3224,0.33781549,0,0,0.0,inf,18,8,0.153
5775,149.836,vc_hfov_100_yaw_+0,virtual_camera,100.0,0.0,1,0.999168,0,pnp_insufficient_inliers,,,,,,3224,0.33953592,0,0,0.0,inf,22,8,0.156
5775,149.836,vc_hfov_110_yaw_+0,virtual_camera,110.0,0.0,1,0.998806,0,pnp_insufficient_inliers,,,,,,3224,0.34097782,0,0,0.0,inf,19,8,0.156
6160,159.825,raw_production,raw,,0.0,0,1.0,1,success,PnP,325.183,208.954,48.92,957,957,0.48745713,30,14,0.4666666666666667,3.9592744392341066,32,14,0.168
6160,159.825,raw_exact_1920x1080,raw,,0.0,1,1.0,1,success,PnP,328.045,205.493,46.776,957,957,0.48745713,28,14,0.5,4.244716092790913,30,14,0.162
6160,159.825,vc_hfov_100_yaw_+0,virtual_camera,100.0,0.0,1,0.999168,1,success,PnP,328.018,205.103,46.852,957,957,0.48966536,29,13,0.4482758620689655,3.890992501075373,31,13,0.148
6160,159.825,vc_hfov_110_yaw_+0,virtual_camera,110.0,0.0,1,0.998806,1,success,PnP,325.649,207.903,48.682,957,957,0.4816803,29,13,0.4482758620689655,4.220483094606486,32,13,0.173
6545,169.814,raw_production,raw,,0.0,0,1.0,0,pnp_insufficient_inliers,,,,,,2609,0.33403351,0,0,0.0,inf,6,4,0.125
6545,169.814,raw_exact_1920x1080,raw,,0.0,1,1.0,0,pnp_insufficient_inliers,,,,,,2609,0.33403351,0,0,0.0,inf,7,5,0.119
6545,169.814,vc_hfov_100_yaw_+0,virtual_camera,100.0,0.0,1,0.999168,0,pnp_insufficient_inliers,,,,,,2609,0.32030161,0,0,0.0,inf,7,5,0.123
6545,169.814,vc_hfov_110_yaw_+0,virtual_camera,110.0,0.0,1,0.998806,0,pnp_insufficient_inliers,,,,,,2609,0.3258517,0,0,0.0,inf,7,5,0.132
6930,179.803,raw_production,raw,,0.0,0,1.0,0,pnp_insufficient_inliers,,,,,,1724,0.41565686,0,0,0.0,inf,4,4,0.133
6930,179.803,raw_exact_1920x1080,raw,,0.0,1,1.0,0,pnp_insufficient_inliers,,,,,,1724,0.41565686,0,0,0.0,inf,4,4,0.129
6930,179.803,vc_hfov_100_yaw_+0,virtual_camera,100.0,0.0,1,0.999168,0,pnp_insufficient_inliers,,,,,,1724,0.41525033,0,0,0.0,inf,5,4,0.153
6930,179.803,vc_hfov_110_yaw_+0,virtual_camera,110.0,0.0,1,0.998806,0,pnp_insufficient_inliers,,,,,,1724,0.4146088,0,0,0.0,inf,4,4,0.135
7315,189.792,raw_production,raw,,0.0,0,1.0,0,pnp_insufficient_inliers,,,,,,2619,0.51324002,0,0,0.0,inf,25,7,0.19
7315,189.792,raw_exact_1920x1080,raw,,0.0,1,1.0,0,pnp_insufficient_inliers,,,,,,2619,0.51324002,0,0,0.0,inf,26,7,0.2
7315,189.792,vc_hfov_100_yaw_+0,virtual_camera,100.0,0.0,1,0.999168,0,pnp_insufficient_inliers,,,,,,2619,0.50804357,0,0,0.0,inf,30,8,0.217
7315,189.792,vc_hfov_110_yaw_+0,virtual_camera,110.0,0.0,1,0.998806,0,pnp_insufficient_inliers,,,,,,2620,0.51066909,0,0,0.0,inf,30,6,0.261
7700,199.781,raw_production,raw,,0.0,0,1.0,1,success,PnP,338.947,316.071,99.064,2657,2655,0.62257998,44,15,0.3409090909090909,3.714728982687077,58,15,0.168
7700,199.781,raw_exact_1920x1080,raw,,0.0,1,1.0,1,success,PnP,335.77,326.295,100.201,2657,2655,0.62257998,46,15,0.32608695652173914,4.3494593744138665,53,15,0.166
7700,199.781,vc_hfov_100_yaw_+0,virtual_camera,100.0,0.0,1,0.999168,1,success,PnP,335.558,321.395,100.259,2657,2656,0.61399425,48,15,0.3125,3.8821525147052256,53,16,0.167
7700,199.781,vc_hfov_110_yaw_+0,virtual_camera,110.0,0.0,1,0.998806,1,success,PnP,338.254,318.545,99.136,2657,2655,0.61734258,45,14,0.3111111111111111,3.159713577294374,54,14,0.173
8085,209.77,raw_production,raw,,0.0,0,1.0,0,pnp_insufficient_inliers,,,,,,1482,0.3557517,0,0,0.0,inf,20,9,0.134
8085,209.77,raw_exact_1920x1080,raw,,0.0,1,1.0,0,pnp_insufficient_inliers,,,,,,1482,0.3557517,0,0,0.0,inf,17,6,0.148
8085,209.77,vc_hfov_100_yaw_+0,virtual_camera,100.0,0.0,1,0.999168,0,pnp_insufficient_inliers,,,,,,1482,0.36281196,0,0,0.0,inf,19,8,0.145
8085,209.77,vc_hfov_110_yaw_+0,virtual_camera,110.0,0.0,1,0.998806,0,pnp_insufficient_inliers,,,,,,1482,0.35839397,0,0,0.0,inf,21,8,0.166
8470,219.759,raw_production,raw,,0.0,0,1.0,1,success,PnP,336.291,441.343,107.718,2708,2707,0.46128869,29,10,0.3448275862068966,3.57479210608146,40,12,0.156
8470,219.759,raw_exact_1920x1080,raw,,0.0,1,1.0,1,success,PnP,334.302,442.552,111.002,2706,2707,0.46128869,41,12,0.2926829268292683,4.765691172564486,41,12,0.169
8470,219.759,vc_hfov_100_yaw_+0,virtual_camera,100.0,0.0,1,0.999168,1,success,PnP,332.346,443.176,114.234,2706,2707,0.45726669,39,13,0.3333333333333333,4.167681147947571,39,13,0.161
8470,219.759,vc_hfov_110_yaw_+0,virtual_camera,110.0,0.0,1,0.998806,1,success,PnP,335.936,442.534,108.142,2706,2707,0.45808852,40,12,0.3,4.966201695302065,40,12,0.181
8855,229.748,raw_production,raw,,0.0,0,1.0,0,local_matching,,,,,,2519,0.25892122,0,0,0.0,inf,0,0,0.113
8855,229.748,raw_exact_1920x1080,raw,,0.0,1,1.0,0,local_matching,,,,,,2519,0.25892122,0,0,0.0,inf,0,0,0.11
8855,229.748,vc_hfov_100_yaw_+0,virtual_camera,100.0,0.0,1,0.999168,0,local_matching,,,,,,2519,0.25800046,0,0,0.0,inf,0,0,0.115
8855,229.748,vc_hfov_110_yaw_+0,virtual_camera,110.0,0.0,1,0.998806,0,local_matching,,,,,,2466,0.25549819,0,0,0.0,inf,0,0,0.118
9240,239.737,raw_production,raw,,0.0,0,1.0,0,pnp_insufficient_inliers,,,,,,1052,0.39603043,0,0,0.0,inf,5,4,0.113
9240,239.737,raw_exact_1920x1080,raw,,0.0,1,1.0,0,pnp_insufficient_inliers,,,,,,1052,0.39603043,0,0,0.0,inf,7,4,0.113
9240,239.737,vc_hfov_100_yaw_+0,virtual_camera,100.0,0.0,1,0.999168,0,pnp_insufficient_inliers,,,,,,1052,0.39473218,0,0,0.0,inf,6,4,0.117
9240,239.737,vc_hfov_110_yaw_+0,virtual_camera,110.0,0.0,1,0.998806,0,pnp_insufficient_inliers,,,,,,1052,0.39441919,0,0,0.0,inf,7,4,0.119
9625,249.726,raw_production,raw,,0.0,0,1.0,0,local_matching,,,,,,1174,0.29044527,0,0,0.0,inf,0,0,0.105
9625,249.726,raw_exact_1920x1080,raw,,0.0,1,1.0,0,local_matching,,,,,,1174,0.29044527,0,0,0.0,inf,0,0,0.098
9625,249.726,vc_hfov_100_yaw_+0,virtual_camera,100.0,0.0,1,0.999168,0,local_matching,,,,,,1173,0.27295074,0,0,0.0,inf,0,0,0.116
9625,249.726,vc_hfov_110_yaw_+0,virtual_camera,110.0,0.0,1,0.998806,0,pnp_insufficient_inliers,,,,,,1173,0.2705513,0,0,0.0,inf,5,4,0.155
10010,259.715,raw_production,raw,,0.0,0,1.0,1,success,PnP,355.769,330.395,-22.677,1280,1280,0.50444347,27,13,0.48148148148148145,4.547084046310632,34,13,0.179
10010,259.715,raw_exact_1920x1080,raw,,0.0,1,1.0,1,success,PnP,361.824,337.978,-25.111,1280,1280,0.50444347,26,12,0.46153846153846156,3.0967557717366283,30,12,0.142
10010,259.715,vc_hfov_100_yaw_+0,virtual_camera,100.0,0.0,1,0.999168,1,success,PnP,352.182,336.832,-26.795,1280,1280,0.50109375,29,13,0.4482758620689655,2.9912945235097306,31,13,0.153
10010,259.715,vc_hfov_110_yaw_+0,virtual_camera,110.0,0.0,1,0.998806,1,success,PnP,359.989,337.662,-25.603,1280,1280,0.49988779,30,12,0.4,3.0413522355166327,34,13,0.153
10395,269.704,raw_production,raw,,0.0,0,1.0,1,success,PnP,317.947,308.719,22.389,1777,1776,0.51930644,21,10,0.47619047619047616,2.687793689454835,28,10,0.167
10395,269.704,raw_exact_1920x1080,raw,,0.0,1,1.0,0,pnp_insufficient_inliers,,,,,,1776,0.51930644,0,0,0.0,inf,25,9,0.179
10395,269.704,vc_hfov_100_yaw_+0,virtual_camera,100.0,0.0,1,0.999168,1,success,PnP,319.19,310.526,20.373,1777,1776,0.51901071,22,10,0.45454545454545453,3.2359146424498997,24,10,0.156
10395,269.704,vc_hfov_110_yaw_+0,virtual_camera,110.0,0.0,1,0.998806,0,pnp_insufficient_inliers,,,,,,1776,0.52217798,0,0,0.0,inf,26,9,0.172
10780,279.693,raw_production,raw,,0.0,0,1.0,1,success,PnP,265.114,333.99,249.498,2559,2559,0.64415679,44,11,0.25,3.8558350392579483,44,11,0.181
10780,279.693,raw_exact_1920x1080,raw,,0.0,1,1.0,1,success,PnP,257.44,338.145,242.775,1572,2559,0.64415679,33,10,0.30303030303030304,3.495870239197777,38,10,0.18
10780,279.693,vc_hfov_100_yaw_+0,virtual_camera,100.0,0.0,1,0.999168,1,success,PnP,266.673,327.678,249.185,1570,2559,0.63565513,30,10,0.3333333333333333,3.1288553101658727,38,10,0.187
10780,279.693,vc_hfov_110_yaw_+0,virtual_camera,110.0,0.0,1,0.998806,1,success,PnP,264.702,333.517,248.564,1570,2559,0.64859024,30,11,0.36666666666666664,3.56642200365269,40,11,0.178
11165,289.682,raw_production,raw,,0.0,0,1.0,1,success,PnP,249.746,331.821,-95.069,1883,1877,0.59207795,32,14,0.4375,2.134836905970743,32,14,0.149
11165,289.682,raw_exact_1920x1080,raw,,0.0,1,1.0,1,success,PnP,249.749,332.438,-95.262,1883,1877,0.59207795,33,14,0.42424242424242425,2.373262506129665,33,14,0.136
11165,289.682,vc_hfov_100_yaw_+0,virtual_camera,100.0,0.0,1,0.999168,1,success,PnP,252.289,333.894,-94.128,1880,1877,0.6015227,39,18,0.46153846153846156,3.2000649497809395,39,18,0.143
11165,289.682,vc_hfov_110_yaw_+0,virtual_camera,110.0,0.0,1,0.998806,1,success,PnP,249.412,333.805,-95.311,1880,1877,0.59786673,40,18,0.45,2.2851697334709407,40,18,0.16
11550,299.671,raw_production,raw,,0.0,0,1.0,0,pnp_insufficient_inliers,,,,,,1363,0.46725084,0,0,0.0,inf,20,8,0.139
11550,299.671,raw_exact_1920x1080,raw,,0.0,1,1.0,1,success,PnP,256.939,317.778,41.08,1364,1363,0.46725084,24,11,0.4583333333333333,2.8159120336772756,24,11,0.136
11550,299.671,vc_hfov_100_yaw_+0,virtual_camera,100.0,0.0,1,0.999168,1,success,PnP,256.931,317.813,41.073,1364,1363,0.47003202,20,10,0.5,2.7489392888219237,25,10,0.135
11550,299.671,vc_hfov_110_yaw_+0,virtual_camera,110.0,0.0,1,0.998806,0,pnp_insufficient_inliers,,,,,,1363,0.46150346,0,0,0.0,inf,20,9,0.144
11935,309.66,raw_production,raw,,0.0,0,1.0,1,success,PnP,257.139,350.97,49.994,2315,1418,0.50966772,29,13,0.4482758620689655,2.7543376778050255,29,13,0.127
11935,309.66,raw_exact_1920x1080,raw,,0.0,1,1.0,1,success,PnP,256.738,349.605,50.556,2315,1418,0.50966772,28,14,0.5,2.761215727323194,32,14,0.125
11935,309.66,vc_hfov_100_yaw_+0,virtual_camera,100.0,0.0,1,0.999168,1,success,PnP,255.061,348.523,52.173,1424,1423,0.51356431,29,15,0.5172413793103449,3.3037037340420956,31,15,0.133
11935,309.66,vc_hfov_110_yaw_+0,virtual_camera,110.0,0.0,1,0.998806,1,success,PnP,255.577,349.223,51.618,1424,1423,0.50865375,32,16,0.5,2.911626640241699,32,16,0.132
12320,319.649,raw_production,raw,,0.0,0,1.0,0,pnp_insufficient_inliers,,,,,,1485,0.38112008,0,0,0.0,inf,12,8,0.141
12320,319.649,raw_exact_1920x1080,raw,,0.0,1,1.0,0,pnp_insufficient_inliers,,,,,,1485,0.38112008,0,0,0.0,inf,11,5,0.142
12320,319.649,vc_hfov_100_yaw_+0,virtual_camera,100.0,0.0,1,0.999168,0,pnp_insufficient_inliers,,,,,,1485,0.38148519,0,0,0.0,inf,12,6,0.139
12320,319.649,vc_hfov_110_yaw_+0,virtual_camera,110.0,0.0,1,0.998806,0,pnp_insufficient_inliers,,,,,,1485,0.39062833,0,0,0.0,inf,11,6,0.141
12705,329.638,raw_production,raw,,0.0,0,1.0,0,pnp_insufficient_inliers,,,,,,1145,0.3167317,0,0,0.0,inf,18,8,0.142
12705,329.638,raw_exact_1920x1080,raw,,0.0,1,1.0,0,pnp_insufficient_inliers,,,,,,1145,0.3167317,0,0,0.0,inf,19,8,0.134
12705,329.638,vc_hfov_100_yaw_+0,virtual_camera,100.0,0.0,1,0.999168,0,pnp_insufficient_inliers,,,,,,1145,0.31357465,0,0,0.0,inf,18,7,0.144
12705,329.638,vc_hfov_110_yaw_+0,virtual_camera,110.0,0.0,1,0.998806,0,pnp_insufficient_inliers,,,,,,1145,0.31636742,0,0,0.0,inf,18,6,0.147
13090,339.627,raw_production,raw,,0.0,0,1.0,0,pnp_insufficient_inliers,,,,,,1151,0.3768115,0,0,0.0,inf,14,7,0.112
13090,339.627,raw_exact_1920x1080,raw,,0.0,1,1.0,0,pnp_insufficient_inliers,,,,,,1151,0.3768115,0,0,0.0,inf,12,6,0.111
13090,339.627,vc_hfov_100_yaw_+0,virtual_camera,100.0,0.0,1,0.999168,0,pnp_insufficient_inliers,,,,,,1151,0.37575036,0,0,0.0,inf,12,7,0.113
13090,339.627,vc_hfov_110_yaw_+0,virtual_camera,110.0,0.0,1,0.998806,0,pnp_insufficient_inliers,,,,,,1151,0.37875733,0,0,0.0,inf,12,7,0.121
13475,349.617,raw_production,raw,,0.0,0,1.0,0,local_matching,,,,,,1153,0.31818859,0,0,0.0,inf,0,0,0.096
13475,349.617,raw_exact_1920x1080,raw,,0.0,1,1.0,0,local_matching,,,,,,1153,0.31818859,0,0,0.0,inf,0,0,0.093
13475,349.617,vc_hfov_100_yaw_+0,virtual_camera,100.0,0.0,1,0.999168,0,local_matching,,,,,,1153,0.31837113,0,0,0.0,inf,0,0,0.097
13475,349.617,vc_hfov_110_yaw_+0,virtual_camera,110.0,0.0,1,0.998806,0,local_matching,,,,,,1153,0.31966863,0,0,0.0,inf,0,0,0.099
13860,359.606,raw_production,raw,,0.0,0,1.0,0,pnp_insufficient_inliers,,,,,,1361,0.33026738,0,0,0.0,inf,8,4,0.117
13860,359.606,raw_exact_1920x1080,raw,,0.0,1,1.0,0,pnp_insufficient_inliers,,,,,,1361,0.33026738,0,0,0.0,inf,8,4,0.115
13860,359.606,vc_hfov_100_yaw_+0,virtual_camera,100.0,0.0,1,0.999168,0,pnp_insufficient_inliers,,,,,,1361,0.32656012,0,0,0.0,inf,5,4,0.157
13860,359.606,vc_hfov_110_yaw_+0,virtual_camera,110.0,0.0,1,0.998806,0,pnp_insufficient_inliers,,,,,,1362,0.32290705,0,0,0.0,inf,5,4,0.141
14245,369.595,raw_production,raw,,0.0,0,1.0,1,success,PnP,251.898,334.592,89.57,1418,1420,0.57756684,47,13,0.2765957446808511,3.8565549186630186,52,13,0.157
14245,369.595,raw_exact_1920x1080,raw,,0.0,1,1.0,1,success,PnP,255.097,346.142,87.971,1420,1420,0.57756684,45,13,0.28888888888888886,4.360638549467795,45,13,0.16
14245,369.595,vc_hfov_100_yaw_+0,virtual_camera,100.0,0.0,1,0.999168,1,success,PnP,254.985,314.474,87.415,1417,1420,0.58486538,45,13,0.28888888888888886,1.8719217134019812,49,14,0.171
14245,369.595,vc_hfov_110_yaw_+0,virtual_camera,110.0,0.0,1,0.998806,1,success,PnP,251.772,333.993,89.396,1418,1420,0.57281664,47,13,0.2765957446808511,3.849203524962912,47,13,0.17
14630,379.584,raw_production,raw,,0.0,0,1.0,1,success,PnP,252.961,387.025,89.261,2350,2353,0.47743605,40,16,0.4,3.4071171437625076,40,16,0.134
14630,379.584,raw_exact_1920x1080,raw,,0.0,1,1.0,1,success,PnP,254.093,386.01,88.339,2350,2353,0.47743605,42,17,0.40476190476190477,2.663742875735679,42,17,0.129
14630,379.584,vc_hfov_100_yaw_+0,virtual_camera,100.0,0.0,1,0.999168,1,success,PnP,254.329,385.866,88.156,2350,2353,0.47580613,42,18,0.42857142857142855,3.225998397643261,42,18,0.139
14630,379.584,vc_hfov_110_yaw_+0,virtual_camera,110.0,0.0,1,0.998806,1,success,PnP,254.556,386.658,88.023,2350,2353,0.4721076,43,16,0.37209302325581395,2.6359500096405704,43,16,0.145
15015,389.573,raw_production,raw,,0.0,0,1.0,0,local_matching,,,,,,2680,0.27429224,0,0,0.0,inf,0,0,0.113
15015,389.573,raw_exact_1920x1080,raw,,0.0,1,1.0,0,local_matching,,,,,,2680,0.27429224,0,0,0.0,inf,0,0,0.112
15015,389.573,vc_hfov_100_yaw_+0,virtual_camera,100.0,0.0,1,0.999168,0,local_matching,,,,,,2680,0.27634827,0,0,0.0,inf,0,0,0.12
15015,389.573,vc_hfov_110_yaw_+0,virtual_camera,110.0,0.0,1,0.998806,0,local_matching,,,,,,2680,0.27444322,0,0,0.0,inf,0,0,0.124
15400,399.562,raw_production,raw,,0.0,0,1.0,1,success,PnP,336.186,463.09,-91.281,2805,2806,0.53142778,42,13,0.30952380952380953,4.099783503136242,44,13,0.183
15400,399.562,raw_exact_1920x1080,raw,,0.0,1,1.0,1,success,PnP,337.728,498.151,-90.558,2804,2806,0.53142778,35,12,0.34285714285714286,3.5752073545694945,42,13,0.174
15400,399.562,vc_hfov_100_yaw_+0,virtual_camera,100.0,0.0,1,0.999168,1,success,PnP,337.835,497.73,-90.534,2804,2806,0.53047595,35,12,0.34285714285714286,3.667118682176076,44,12,0.183
15400,399.562,vc_hfov_110_yaw_+0,virtual_camera,110.0,0.0,1,0.998806,1,success,PnP,339.257,481.563,-89.683,2804,2806,0.53147111,36,12,0.3333333333333333,3.4143797481402367,43,14,0.191
15785,409.551,raw_production,raw,,0.0,0,1.0,0,pnp_insufficient_inliers,,,,,,2825,0.5013687,0,0,0.0,inf,26,8,0.177
15785,409.551,raw_exact_1920x1080,raw,,0.0,1,1.0,0,pnp_insufficient_inliers,,,,,,2825,0.5013687,0,0,0.0,inf,26,9,0.175
15785,409.551,vc_hfov_100_yaw_+0,virtual_camera,100.0,0.0,1,0.999168,0,pnp_insufficient_inliers,,,,,,2825,0.49988189,0,0,0.0,inf,31,9,0.194
15785,409.551,vc_hfov_110_yaw_+0,virtual_camera,110.0,0.0,1,0.998806,0,pnp_insufficient_inliers,,,,,,2825,0.4969114,0,0,0.0,inf,26,7,0.192
16170,419.54,raw_production,raw,,0.0,0,1.0,1,success,PnP,349.884,343.116,-70.067,1256,1258,0.59456414,39,12,0.3076923076923077,2.033775853112502,45,13,0.19
16170,419.54,raw_exact_1920x1080,raw,,0.0,1,1.0,1,success,PnP,349.093,344.475,-70.932,1256,1258,0.59456414,35,12,0.34285714285714286,2.2731484162166886,45,12,0.176
16170,419.54,vc_hfov_100_yaw_+0,virtual_camera,100.0,0.0,1,0.999168,1,success,PnP,337.777,352.059,-77.734,1256,1258,0.59603334,36,12,0.3333333333333333,3.9679760703359834,40,12,0.193
16170,419.54,vc_hfov_110_yaw_+0,virtual_camera,110.0,0.0,1,0.998806,1,success,PnP,337.893,353.652,-77.859,1256,1258,0.59723628,39,12,0.3076923076923077,3.234605404764478,44,12,0.2
16555,429.529,raw_production,raw,,0.0,0,1.0,0,pnp_insufficient_inliers,,,,,,1262,0.47929782,0,0,0.0,inf,23,7,0.181
16555,429.529,raw_exact_1920x1080,raw,,0.0,1,1.0,0,pnp_insufficient_inliers,,,,,,1262,0.47929782,0,0,0.0,inf,21,7,0.172
16555,429.529,vc_hfov_100_yaw_+0,virtual_camera,100.0,0.0,1,0.999168,0,pnp_insufficient_inliers,,,,,,1262,0.48123468,0,0,0.0,inf,21,6,0.187
16555,429.529,vc_hfov_110_yaw_+0,virtual_camera,110.0,0.0,1,0.998806,0,pnp_insufficient_inliers,,,,,,1262,0.48219166,0,0,0.0,inf,22,7,0.185
16940,439.518,raw_production,raw,,0.0,0,1.0,1,success,PnP,305.941,260.088,61.831,989,989,0.45996724,46,14,0.30434782608695654,3.574635111874917,46,14,0.168
16940,439.518,raw_exact_1920x1080,raw,,0.0,1,1.0,1,success,PnP,305.813,260.088,61.911,989,989,0.45996724,45,13,0.28888888888888886,3.357215239353093,45,13,0.174
16940,439.518,vc_hfov_100_yaw_+0,virtual_camera,100.0,0.0,1,0.999168,1,success,PnP,305.406,261.614,62.151,989,989,0.4581971,45,13,0.28888888888888886,3.9964857683543964,45,13,0.183
16940,439.518,vc_hfov_110_yaw_+0,virtual_camera,110.0,0.0,1,0.998806,1,success,PnP,298.966,264.409,68.763,1744,989,0.45299365,27,10,0.37037037037037035,2.0138262789928696,46,13,0.177
17325,449.507,raw_production,raw,,0.0,0,1.0,1,success,PnP,301.879,326.4,-34.101,1833,1833,0.41110795,26,12,0.46153846153846156,3.300518621487146,43,15,0.144
17325,449.507,raw_exact_1920x1080,raw,,0.0,1,1.0,1,success,PnP,302.131,326.185,-34.07,1833,1833,0.41110795,30,15,0.5,2.6278859924976277,45,17,0.138
17325,449.507,vc_hfov_100_yaw_+0,virtual_camera,100.0,0.0,1,0.999168,1,success,PnP,301.916,326.454,-34.332,1833,1833,0.40503564,33,14,0.42424242424242425,2.5006099418456698,46,17,0.142
17325,449.507,vc_hfov_110_yaw_+0,virtual_camera,110.0,0.0,1,0.998806,1,success,PnP,301.391,324.503,-33.307,1832,1833,0.40120157,30,14,0.4666666666666667,3.0348917864190574,44,16,0.157
17710,459.496,raw_production,raw,,0.0,0,1.0,1,success,PnP,247.075,310.171,260.535,1891,1889,0.57583022,33,15,0.45454545454545453,4.572367916911394,33,15,0.136
17710,459.496,raw_exact_1920x1080,raw,,0.0,1,1.0,1,success,PnP,247.208,309.358,260.362,1891,1889,0.57583022,32,15,0.46875,3.0158705157003376,32,15,0.14
17710,459.496,vc_hfov_100_yaw_+0,virtual_camera,100.0,0.0,1,0.999168,1,success,PnP,247.374,309.828,260.473,1891,1889,0.57373202,33,15,0.45454545454545453,3.6454647601576506,34,15,0.144
17710,459.496,vc_hfov_110_yaw_+0,virtual_camera,110.0,0.0,1,0.998806,1,success,PnP,247.508,309.993,260.551,1891,1889,0.57544858,34,15,0.4411764705882353,3.29528359723637,34,15,0.16
18095,469.485,raw_production,raw,,0.0,0,1.0,1,success,PnP,245.18,233.042,249.076,1964,1963,0.51559912,34,11,0.3235294117647059,3.3467455324623905,34,11,0.147
18095,469.485,raw_exact_1920x1080,raw,,0.0,1,1.0,1,success,PnP,244.275,239.706,249.836,1965,1963,0.51559912,27,10,0.37037037037037035,4.381304507910685,30,10,0.14
18095,469.485,vc_hfov_100_yaw_+0,virtual_camera,100.0,0.0,1,0.999168,1,success,PnP,246.531,235.005,250.881,1964,1963,0.51283767,31,10,0.3225806451612903,3.2956781979474794,33,10,0.15
18095,469.485,vc_hfov_110_yaw_+0,virtual_camera,110.0,0.0,1,0.998806,1,success,PnP,245.689,230.842,249.343,1963,1963,0.51713835,31,11,0.3548387096774194,3.897617191334608,34,11,0.149
18480,479.474,raw_production,raw,,0.0,0,1.0,0,local_matching,,,,,,510,0.34620352,0,0,0.0,inf,0,0,0.12
18480,479.474,raw_exact_1920x1080,raw,,0.0,1,1.0,0,pnp_insufficient_inliers,,,,,,510,0.34620352,0,0,0.0,inf,4,4,0.117
18480,479.474,vc_hfov_100_yaw_+0,virtual_camera,100.0,0.0,1,0.999168,0,local_matching,,,,,,519,0.35184909,0,0,0.0,inf,0,0,0.118
18480,479.474,vc_hfov_110_yaw_+0,virtual_camera,110.0,0.0,1,0.998806,0,local_matching,,,,,,519,0.35129593,0,0,0.0,inf,0,0,0.129
18865,489.463,raw_production,raw,,0.0,0,1.0,0,pnp_insufficient_inliers,,,,,,1886,0.36315593,0,0,0.0,inf,9,7,0.125
18865,489.463,raw_exact_1920x1080,raw,,0.0,1,1.0,0,pnp_insufficient_inliers,,,,,,1886,0.36315593,0,0,0.0,inf,9,6,0.124
18865,489.463,vc_hfov_100_yaw_+0,virtual_camera,100.0,0.0,1,0.999168,0,pnp_insufficient_inliers,,,,,,1886,0.37284273,0,0,0.0,inf,9,6,0.132
18865,489.463,vc_hfov_110_yaw_+0,virtual_camera,110.0,0.0,1,0.998806,0,pnp_insufficient_inliers,,,,,,1886,0.37176996,0,0,0.0,inf,9,7,0.132
19250,499.452,raw_production,raw,,0.0,0,1.0,0,pnp_insufficient_inliers,,,,,,2206,0.25448548,0,0,0.0,inf,6,6,0.109
19250,499.452,raw_exact_1920x1080,raw,,0.0,1,1.0,0,pnp_insufficient_inliers,,,,,,2206,0.25448548,0,0,0.0,inf,6,6,0.11
19250,499.452,vc_hfov_100_yaw_+0,virtual_camera,100.0,0.0,1,0.999168,0,pnp_insufficient_inliers,,,,,,2206,0.25418473,0,0,0.0,inf,5,4,0.111
19250,499.452,vc_hfov_110_yaw_+0,virtual_camera,110.0,0.0,1,0.998806,0,pnp_insufficient_inliers,,,,,,2206,0.25535865,0,0,0.0,inf,6,6,0.152
19635,509.441,raw_production,raw,,0.0,0,1.0,0,local_matching,,,,,,3044,0.22634955,0,0,0.0,inf,0,0,0.124
19635,509.441,raw_exact_1920x1080,raw,,0.0,1,1.0,0,local_matching,,,,,,3044,0.22634955,0,0,0.0,inf,0,0,0.115
19635,509.441,vc_hfov_100_yaw_+0,virtual_camera,100.0,0.0,1,0.999168,0,local_matching,,,,,,575,0.23853909,0,0,0.0,inf,0,0,0.133
19635,509.441,vc_hfov_110_yaw_+0,virtual_camera,110.0,0.0,1,0.998806,0,pnp_insufficient_inliers,,,,,,575,0.23787141,0,0,0.0,inf,4,4,0.126
20020,519.43,raw_production,raw,,0.0,0,1.0,0,pnp_insufficient_inliers,,,,,,2959,0.3196116,0,0,0.0,inf,16,7,0.132
20020,519.43,raw_exact_1920x1080,raw,,0.0,1,1.0,0,pnp_insufficient_inliers,,,,,,2959,0.3196116,0,0,0.0,inf,14,7,0.124
20020,519.43,vc_hfov_100_yaw_+0,virtual_camera,100.0,0.0,1,0.999168,0,pnp_insufficient_inliers,,,,,,2959,0.31980466,0,0,0.0,inf,17,8,0.147
20020,519.43,vc_hfov_110_yaw_+0,virtual_camera,110.0,0.0,1,0.998806,0,pnp_insufficient_inliers,,,,,,2959,0.31744177,0,0,0.0,inf,15,7,0.137
