target_frame,target_time_s,query_frame,query_offset_s,success,x_px,y_px,matched_keyframe,num_matches,num_inliers,inlier_ratio,median_reproj_error,max_candidate_matches,max_raw_pnp_inliers,elapsed_s
385,9.989,375,-0.25,0,,,,0,0,0.0,inf,16,8,0.616
385,9.989,395,0.25,0,,,,0,0,0.0,inf,8,5,0.408
1155,29.967,1145,-0.25,0,,,,0,0,0.0,inf,6,4,0.405
1155,29.967,1165,0.25,0,,,,0,0,0.0,inf,0,0,0.269
1925,49.945,1915,-0.25,0,,,,0,0,0.0,inf,26,8,0.629
1925,49.945,1935,0.25,0,,,,0,0,0.0,inf,22,7,0.596
2695,69.923,2685,-0.25,0,,,,0,0,0.0,inf,11,7,0.346
2695,69.923,2705,0.25,0,,,,0,0,0.0,inf,23,8,0.405
4235,109.879,4225,-0.25,0,,,,0,0,0.0,inf,10,5,0.318
4235,109.879,4245,0.25,0,,,,0,0,0.0,inf,9,6,0.344
5390,139.847,5380,-0.25,0,,,,0,0,0.0,inf,9,5,0.365
5390,139.847,5400,0.25,0,,,,0,0,0.0,inf,8,4,0.368
5775,149.836,5765,-0.25,0,,,,0,0,0.0,inf,18,8,0.453
5775,149.836,5785,0.25,0,,,,0,0,0.0,inf,15,8,0.529
6545,169.814,6535,-0.25,0,,,,0,0,0.0,inf,14,7,0.39
6545,169.814,6555,0.25,0,,,,0,0,0.0,inf,15,9,0.467
6930,179.803,6920,-0.25,0,,,,0,0,0.0,inf,39,9,0.493
6930,179.803,6940,0.25,0,,,,0,0,0.0,inf,17,6,0.402
8085,209.77,8075,-0.25,0,,,,0,0,0.0,inf,18,8,0.424
8085,209.77,8095,0.25,1,254.622,399.56,1474,16,11,0.6875,2.465999116404904,17,11,0.396
8855,229.748,8845,-0.25,0,,,,0,0,0.0,inf,0,0,0.297
8855,229.748,8865,0.25,0,,,,0,0,0.0,inf,6,0,0.321
9240,239.737,9230,-0.25,0,,,,0,0,0.0,inf,12,5,0.46
9240,239.737,9250,0.25,0,,,,0,0,0.0,inf,14,6,0.388
9625,249.726,9615,-0.25,0,,,,0,0,0.0,inf,0,0,0.193
9625,249.726,9635,0.25,0,,,,0,0,0.0,inf,4,4,0.272
10395,269.704,10385,-0.25,0,,,,0,0,0.0,inf,24,9,0.451
10395,269.704,10405,0.25,1,318.834,305.072,1780,30,11,0.36666666666666664,4.8541633732083715,30,11,0.47
11550,299.671,11540,-0.25,0,,,,0,0,0.0,inf,25,9,0.482
11550,299.671,11560,0.25,1,256.265,320.084,1365,21,10,0.47619047619047616,3.7254146054930253,24,10,0.452
12705,329.638,12695,-0.25,0,,,,0,0,0.0,inf,18,9,0.378
12705,329.638,12715,0.25,0,,,,0,0,0.0,inf,21,8,0.446
13090,339.627,13080,-0.25,0,,,,0,0,0.0,inf,12,6,0.294
13090,339.627,13100,0.25,0,,,,0,0,0.0,inf,9,4,0.306
13475,349.617,13465,-0.25,0,,,,0,0,0.0,inf,9,4,0.216
13475,349.617,13485,0.25,0,,,,0,0,0.0,inf,0,0,0.222
13860,359.606,13850,-0.25,0,,,,0,0,0.0,inf,10,6,0.321
13860,359.606,13870,0.25,0,,,,0,0,0.0,inf,12,6,0.389
15015,389.573,15005,-0.25,0,,,,0,0,0.0,inf,5,4,0.31
15015,389.573,15025,0.25,0,,,,0,0,0.0,inf,5,4,0.343
16555,429.529,16545,-0.25,0,,,,0,0,0.0,inf,27,8,0.636
16555,429.529,16565,0.25,0,,,,0,0,0.0,inf,25,7,0.661
18480,479.474,18470,-0.25,0,,,,0,0,0.0,inf,12,6,0.375
18480,479.474,18490,0.25,0,,,,0,0,0.0,inf,17,7,0.405
18865,489.463,18855,-0.25,0,,,,0,0,0.0,inf,13,8,0.39
18865,489.463,18875,0.25,0,,,,0,0,0.0,inf,12,8,0.382
19250,499.452,19240,-0.25,0,,,,0,0,0.0,inf,0,0,0.258
19250,499.452,19260,0.25,0,,,,0,0,0.0,inf,6,4,0.312
19635,509.441,19625,-0.25,0,,,,0,0,0.0,inf,5,4,0.435
19635,509.441,19645,0.25,0,,,,0,0,0.0,inf,6,4,0.36
