frame,time_s,candidate_sets,map_success,map_x,map_y,map_inliers,map_reproj_px,estimated_success,estimated_x,estimated_y,estimated_inliers,estimated_reproj_px,delta_x_px,delta_y_px,delta_distance_px
0,0.0,8,1,315.9255599884383,86.0319283322217,10,2.75293348360561,1,315.70685173143863,131.430504532423,13,2.2423593414594034,-0.2187082569996619,45.39857620020129,45.3991030121429
300,10.004,18,1,313.8723655248136,147.15074775885319,39,4.018340157381415,1,316.549090523144,172.62303219922987,60,2.417566185310312,2.676724998330428,25.472284440376683,25.61253855688934
600,20.007,20,1,297.69558560686903,183.31148564763296,25,3.641041547187895,1,309.4528227644821,224.66198134455132,34,2.743250086453318,11.757237157613076,41.35049569691836,42.98948848220017
900,30.011,20,1,302.7483027532664,244.09153583677013,21,3.837174445306881,1,309.79784341292117,266.07796687780535,33,2.838080698132816,7.049540659654781,21.986431041035218,23.08894050047171
1200,40.014,20,1,326.21701866528326,248.48982516980922,13,3.0189415140093927,1,330.57035411784364,310.74221264246296,18,2.769805897158302,4.353335452560373,62.25238747265374,62.40441711616202
1500,50.018,20,1,340.7565799882996,323.71675851775507,18,2.781549069501898,1,335.658197894589,367.30120193191556,33,2.6143617546763736,-5.0983820937105975,43.58444341416049,43.88162722251337
1800,60.021,20,1,335.84544891817677,413.97727890644734,10,4.4832600184878455,1,338.6876379015149,432.41896581896447,14,3.225229756110344,2.842188983338133,18.441686912517127,18.659417311275135
2100,70.025,20,1,342.20287063052524,448.3609963571361,16,3.388319205386335,1,341.40942522272593,426.85224313109853,34,2.953948772203386,-0.7934454077993109,-21.508753226037584,21.5233831205445
2400,80.028,20,1,335.4889800587392,364.5593036604613,19,2.2640237399149767,1,336.3717948598221,347.65224962630737,45,3.3463618753266746,0.8828148010829295,-16.90705403415393,16.930086771390506
2700,90.032,20,1,340.2978583130338,305.43212433125996,25,3.005236722944226,1,312.73631332429505,306.3865947796765,44,3.4546595215695315,-27.561544988738774,0.9544704484165436,27.578066937390155
3000,100.035,20,1,265.6556194313069,319.48166578397223,13,2.576262720857951,1,258.7625657903204,325.8995191875479,19,3.081153472383144,-6.893053640986466,6.417853403575691,9.418228644883541
3300,110.039,20,1,248.86898506994442,337.9522229440853,17,3.3105280041427445,1,254.19955438021856,384.38204065096085,57,4.603812546971736,5.330569310274143,46.42981770687555,46.734815089666625
3600,120.042,20,1,250.0013178486889,422.8484196854621,19,4.28394233349119,1,251.40172222567077,441.27426164854313,33,3.7722430135693377,1.400404376981868,18.42584196308104,18.478982235705196
3900,130.046,20,1,258.20928431823944,433.3394450994189,19,2.3793724666102674,1,255.64827432341826,422.3490413490302,50,3.704489151277194,-2.561009994821177,-10.990403750388737,11.284845891288581
4200,140.049,20,1,255.25784536184042,389.6884502213225,22,3.420946674123153,1,256.8618404918931,362.14942794026484,47,2.8329503891796284,1.6039951300526525,-27.53902228105767,27.58569463642022
4500,150.053,20,1,248.0174704187588,335.6131688395527,14,2.890870408971989,1,275.6003612129108,317.0167955794662,23,3.2390991991397797,27.582890794152007,-18.596373260086523,33.26621353551643
4800,160.056,20,1,314.9208348531867,344.1003140987473,13,2.2119332014383866,1,311.85897932326344,279.80070658025585,18,2.9697051834134305,-3.061855529923264,-64.29960751849143,64.37246683418432
5100,170.06,20,1,301.4678616422274,267.75706925070995,15,4.214393730312092,1,308.6876849390567,225.4996665593884,16,2.0952488733699575,7.219823296829304,-42.257402691321545,42.86973210382762
5400,180.063,20,1,315.8492026239483,197.36077277009855,11,3.368840180501728,1,315.54208317504344,171.83916754754668,22,3.03542378545,-0.30711944890487075,-25.52160522255187,25.52345304796517
5700,190.067,11,0,,,0,,0,,,0,,,,
6000,200.07,20,1,325.0758141541065,150.73857418930046,18,3.112486059143662,1,278.199308393292,150.94923956288648,32,2.667400838739526,-46.87650576081455,0.21066537358601067,46.876979128814476
6300,210.074,20,1,252.85389693399375,154.11749193357207,14,3.0498544480857195,1,202.76428955694968,149.09834607616415,21,3.0312382394502317,-50.089607377044075,-5.019145857407921,50.34044688244596
6600,220.077,20,1,136.46789476156414,136.55866193942057,10,4.25512820928671,1,131.44420611864342,145.10127968444615,10,3.420096663870307,-5.0236886429207175,8.54261774502558,9.910285844446493
6900,230.081,20,1,137.89382482406563,160.73763179303415,10,2.735652403322076,1,181.66074586903466,154.4632853277212,13,2.1913729851462107,43.766921044969024,-6.274346465312959,44.214373243588305
7200,240.085,20,1,245.86396673466632,153.85180806866234,14,3.439918395789599,1,246.5506521764006,166.87687595674262,32,3.005897537486558,0.6866854417342836,13.025067888080287,13.043156457889712
7500,250.088,19,1,246.0405080932241,205.66568720343807,11,4.468227668507899,1,259.7731900186745,215.78635957700044,13,3.089270805351509,13.732681925450379,10.120672373562371,17.059148928319377
7800,260.092,20,1,302.6966433294937,232.99766525897942,11,3.1950062556781105,1,305.91742563022336,200.39257114401903,17,2.870913705219203,3.2207823007296383,-32.605094114960394,32.76378489848385
8100,270.095,20,1,331.2117504498232,152.40487422648124,11,2.411453591327607,1,284.4488020636117,153.7327757075594,30,5.551009455910139,-46.76294838621152,1.3279014810781575,46.78179842753944
8400,280.099,20,1,247.07328584124886,134.90599568581862,13,3.1776104347603256,1,248.09099369493592,183.1747385075324,33,4.6408674641167025,1.0177078536870567,48.26874282171377,48.27947040786799
8700,290.102,20,1,243.81076346262654,259.9023349407271,12,2.861173893487445,1,277.86215104535455,228.58348412504026,14,3.756107608970249,34.05138758272801,-31.31885081568683,46.26410501376214
9000,300.106,20,1,242.92014197669675,188.76210587260218,22,3.9320562176830904,1,245.7932771922488,216.88841312107112,32,3.042776946463687,2.873135215552054,28.126307248468947,28.27267347461365
9300,310.109,20,1,246.81671446780462,261.1434898991343,19,2.2964454133245025,1,246.8473862049913,283.79938088138033,41,3.238773854592984,0.030671737186679593,22.655890982246035,22.65591174406537
9600,320.113,20,1,249.14946016258162,281.9463723312435,18,3.6071138794656035,1,247.6466201785144,258.39683073651867,33,2.8629018735245673,-1.502839984067208,-23.549541594724815,23.59744556809879
9900,330.116,20,1,253.6445760927365,208.62627076299006,24,3.472107953486855,1,254.02634155254188,184.02712540920902,28,2.651478807678997,0.38176545980539345,-24.59914535378104,24.60210757237574
