frame,time_s,config,kind,source_hfov,yaw_deg,exact_reference_size,valid_pixel_fraction,success,failure_stage,method,x_px,y_px,matched_keyframe,retrieval_top1,retrieval_top1_score,num_matches,num_inliers,inlier_ratio,median_reproj_error,max_candidate_matches,max_raw_pnp_inliers,elapsed_s
0,0.0,vc_hfov_90_yaw_-10,virtual_camera,90.0,-10.0,1,1.0,0,pnp_insufficient_inliers,,,,,3092,0.31845431,0,0,0.0,inf,17,6,0.377
0,0.0,vc_hfov_90_yaw_+0,virtual_camera,90.0,0.0,1,1.0,0,pnp_insufficient_inliers,,,,,3096,0.33825205,0,0,0.0,inf,15,5,0.166
0,0.0,vc_hfov_90_yaw_+10,virtual_camera,90.0,10.0,1,1.0,0,pnp_insufficient_inliers,,,,,3096,0.37001522,0,0,0.0,inf,25,9,0.169
771,20.004,vc_hfov_90_yaw_-10,virtual_camera,90.0,-10.0,1,1.0,0,pnp_insufficient_inliers,,,,,191,0.54200473,0,0,0.0,inf,30,9,0.176
771,20.004,vc_hfov_90_yaw_+0,virtual_camera,90.0,0.0,1,1.0,0,pnp_insufficient_inliers,,,,,186,0.45095723,0,0,0.0,inf,21,7,0.164
771,20.004,vc_hfov_90_yaw_+10,virtual_camera,90.0,10.0,1,1.0,0,pnp_insufficient_inliers,,,,,209,0.27566523,0,0,0.0,inf,8,4,0.165
1542,40.008,vc_hfov_90_yaw_-10,virtual_camera,90.0,-10.0,1,1.0,1,success,PnP,95.671,139.557,272,272,0.43877729,24,17,0.7083333333333334,3.097524960834466,24,17,0.131
1542,40.008,vc_hfov_90_yaw_+0,virtual_camera,90.0,0.0,1,1.0,1,success,PnP,98.035,142.141,272,272,0.46414551,21,16,0.7619047619047619,3.0380044506673407,22,16,0.125
1542,40.008,vc_hfov_90_yaw_+10,virtual_camera,90.0,10.0,1,1.0,1,success,PnP,94.647,142.526,265,266,0.47338975,17,12,0.7058823529411765,3.1939218293024165,20,12,0.119
2313,60.012,vc_hfov_90_yaw_-10,virtual_camera,90.0,-10.0,1,1.0,1,success,PnP,198.92,159.408,369,369,0.53225108,36,17,0.4722222222222222,3.4023363014214,36,17,0.135
2313,60.012,vc_hfov_90_yaw_+0,virtual_camera,90.0,0.0,1,1.0,1,success,PnP,191.735,158.148,359,362,0.4769906,22,11,0.5,4.116959257415235,23,11,0.161
2313,60.012,vc_hfov_90_yaw_+10,virtual_camera,90.0,10.0,1,1.0,0,pnp_insufficient_inliers,,,,,362,0.41392676,0,0,0.0,inf,15,9,0.127
3084,80.016,vc_hfov_90_yaw_-10,virtual_camera,90.0,-10.0,1,1.0,1,success,PnP,249.601,170.918,451,455,0.58897158,38,26,0.6842105263157895,5.288935735623944,38,26,0.13
3084,80.016,vc_hfov_90_yaw_+0,virtual_camera,90.0,0.0,1,1.0,1,success,PnP,249.91,171.208,456,2143,0.5676322,44,26,0.5909090909090909,4.507074375820945,44,26,0.13
3084,80.016,vc_hfov_90_yaw_+10,virtual_camera,90.0,10.0,1,1.0,1,success,PnP,250.495,170.489,2148,2150,0.56615814,19,14,0.7368421052631579,3.036203434639111,23,14,0.134
3855,100.02,vc_hfov_90_yaw_-10,virtual_camera,90.0,-10.0,1,1.0,0,pnp_insufficient_inliers,,,,,654,0.53132146,0,0,0.0,inf,17,9,0.136
3855,100.02,vc_hfov_90_yaw_+0,virtual_camera,90.0,0.0,1,1.0,1,success,PnP,283.542,221.154,655,657,0.58017184,22,11,0.5,2.552460366804754,24,11,0.127
3855,100.02,vc_hfov_90_yaw_+10,virtual_camera,90.0,10.0,1,1.0,1,success,PnP,282.95,220.154,661,660,0.6034947,27,17,0.6296296296296297,3.6772698137631825,27,17,0.138
4626,120.024,vc_hfov_90_yaw_-10,virtual_camera,90.0,-10.0,1,1.0,0,pnp_insufficient_inliers,,,,,756,0.54101132,0,0,0.0,inf,21,9,0.148
4626,120.024,vc_hfov_90_yaw_+0,virtual_camera,90.0,0.0,1,1.0,1,success,PnP,306.293,158.16,765,763,0.55261847,19,10,0.5263157894736842,2.9376578870043395,19,10,0.14
4626,120.024,vc_hfov_90_yaw_+10,virtual_camera,90.0,10.0,1,1.0,1,success,PnP,306.193,158.228,765,760,0.53897939,19,10,0.5263157894736842,2.096656105433735,22,10,0.145
5397,140.028,vc_hfov_90_yaw_-10,virtual_camera,90.0,-10.0,1,1.0,0,local_matching,,,,,843,0.31700688,0,0,0.0,inf,0,0,0.116
5397,140.028,vc_hfov_90_yaw_+0,virtual_camera,90.0,0.0,1,1.0,0,pnp_insufficient_inliers,,,,,3206,0.30058405,0,0,0.0,inf,4,4,0.111
5397,140.028,vc_hfov_90_yaw_+10,virtual_camera,90.0,10.0,1,1.0,0,pnp_insufficient_inliers,,,,,3203,0.3565015,0,0,0.0,inf,5,4,0.111
6168,160.032,vc_hfov_90_yaw_-10,virtual_camera,90.0,-10.0,1,1.0,1,success,PnP,318.135,230.797,957,957,0.56652029,26,18,0.6923076923076923,3.40369069884304,27,18,0.126
6168,160.032,vc_hfov_90_yaw_+0,virtual_camera,90.0,0.0,1,1.0,1,success,PnP,318.337,230.671,957,957,0.42283429,22,16,0.7272727272727273,3.5511761308320757,37,16,0.153
6168,160.032,vc_hfov_90_yaw_+10,virtual_camera,90.0,10.0,1,1.0,0,pnp_insufficient_inliers,,,,,938,0.4111644,0,0,0.0,inf,23,6,0.157
6939,180.036,vc_hfov_90_yaw_-10,virtual_camera,90.0,-10.0,1,1.0,0,pnp_insufficient_inliers,,,,,1065,0.42188857,0,0,0.0,inf,25,9,0.144
6939,180.036,vc_hfov_90_yaw_+0,virtual_camera,90.0,0.0,1,1.0,1,success,PnP,337.534,354.1,2658,2655,0.35769616,24,12,0.5,3.4175638893514115,24,12,0.142
6939,180.036,vc_hfov_90_yaw_+10,virtual_camera,90.0,10.0,1,1.0,0,pnp_insufficient_inliers,,,,,1724,0.36291587,0,0,0.0,inf,4,4,0.122
7710,200.04,vc_hfov_90_yaw_-10,virtual_camera,90.0,-10.0,1,1.0,1,success,PnP,334.553,356.677,2655,2618,0.45421047,23,10,0.43478260869565216,3.7627026294492465,23,10,0.129
7710,200.04,vc_hfov_90_yaw_+0,virtual_camera,90.0,0.0,1,1.0,1,success,PnP,335.361,357.643,2658,2655,0.55052103,51,30,0.5882352941176471,3.4444220111152655,51,30,0.126
7710,200.04,vc_hfov_90_yaw_+10,virtual_camera,90.0,10.0,1,1.0,1,success,PnP,335.395,357.659,2658,2658,0.60744811,60,36,0.6,3.3370958514230367,60,36,0.125
8481,220.044,vc_hfov_90_yaw_-10,virtual_camera,90.0,-10.0,1,1.0,0,pnp_insufficient_inliers,,,,,2704,0.36008262,0,0,0.0,inf,13,6,0.124
8481,220.044,vc_hfov_90_yaw_+0,virtual_camera,90.0,0.0,1,1.0,0,pnp_insufficient_inliers,,,,,2707,0.38874639,0,0,0.0,inf,23,9,0.14
8481,220.044,vc_hfov_90_yaw_+10,virtual_camera,90.0,10.0,1,1.0,1,success,PnP,337.21,450.483,2706,2707,0.48752067,32,13,0.40625,4.016636910258272,32,13,0.145
9252,240.048,vc_hfov_90_yaw_-10,virtual_camera,90.0,-10.0,1,1.0,0,pnp_insufficient_inliers,,,,,1172,0.32745543,0,0,0.0,inf,5,0,0.135
9252,240.048,vc_hfov_90_yaw_+0,virtual_camera,90.0,0.0,1,1.0,0,pnp_insufficient_inliers,,,,,1058,0.39322893,0,0,0.0,inf,4,4,0.122
9252,240.048,vc_hfov_90_yaw_+10,virtual_camera,90.0,10.0,1,1.0,0,pnp_insufficient_inliers,,,,,1058,0.44477462,0,0,0.0,inf,7,4,0.164
10023,260.052,vc_hfov_90_yaw_-10,virtual_camera,90.0,-10.0,1,1.0,1,success,PnP,332.638,322.712,1283,1280,0.35690171,26,15,0.5769230769230769,3.738974846991199,27,15,0.125
10023,260.052,vc_hfov_90_yaw_+0,virtual_camera,90.0,0.0,1,1.0,1,success,PnP,331.953,322.116,1283,1280,0.40256764,39,23,0.5897435897435898,4.692275043655898,39,23,0.13
10023,260.052,vc_hfov_90_yaw_+10,virtual_camera,90.0,10.0,1,1.0,1,success,PnP,334.071,321.979,1283,1280,0.46208364,45,23,0.5111111111111111,3.7679822070029827,45,23,0.13
10794,280.056,vc_hfov_90_yaw_-10,virtual_camera,90.0,-10.0,1,1.0,1,success,PnP,266.32,321.366,1570,1570,0.53351477,23,15,0.6521739130434783,2.5728617403377188,23,15,0.125
10794,280.056,vc_hfov_90_yaw_+0,virtual_camera,90.0,0.0,1,1.0,1,success,PnP,266.229,321.617,1569,1571,0.60459653,19,13,0.6842105263157895,2.6034256658527064,37,16,0.135
10794,280.056,vc_hfov_90_yaw_+10,virtual_camera,90.0,10.0,1,1.0,1,success,PnP,266.43,321.081,1573,1573,0.60902391,27,13,0.48148148148148145,3.884579800626325,30,13,0.135
11565,300.06,vc_hfov_90_yaw_-10,virtual_camera,90.0,-10.0,1,1.0,0,pnp_insufficient_inliers,,,,,1367,0.45938332,0,0,0.0,inf,14,7,0.129
11565,300.06,vc_hfov_90_yaw_+0,virtual_camera,90.0,0.0,1,1.0,0,pnp_insufficient_inliers,,,,,1455,0.33342211,0,0,0.0,inf,14,6,0.148
11565,300.06,vc_hfov_90_yaw_+10,virtual_camera,90.0,10.0,1,1.0,0,pnp_insufficient_inliers,,,,,1471,0.2936749,0,0,0.0,inf,5,0,0.14
12336,320.065,vc_hfov_90_yaw_-10,virtual_camera,90.0,-10.0,1,1.0,1,success,PnP,250.913,387.44,1476,1476,0.42530703,20,11,0.55,3.515032476169897,24,11,0.117
12336,320.065,vc_hfov_90_yaw_+0,virtual_camera,90.0,0.0,1,1.0,1,success,PnP,250.757,387.535,1477,1476,0.41794336,18,12,0.6666666666666666,2.6519070471297788,20,12,0.112
12336,320.065,vc_hfov_90_yaw_+10,virtual_camera,90.0,10.0,1,1.0,1,success,PnP,250.721,387.627,1478,1476,0.41152323,15,10,0.6666666666666666,3.337791625046867,19,11,0.112
13107,340.069,vc_hfov_90_yaw_-10,virtual_camera,90.0,-10.0,1,1.0,0,local_matching,,,,,1151,0.33270616,0,0,0.0,inf,0,0,0.099
13107,340.069,vc_hfov_90_yaw_+0,virtual_camera,90.0,0.0,1,1.0,0,local_matching,,,,,1151,0.35964958,0,0,0.0,inf,0,0,0.101
13107,340.069,vc_hfov_90_yaw_+10,virtual_camera,90.0,10.0,1,1.0,0,pnp_insufficient_inliers,,,,,1163,0.36475872,0,0,0.0,inf,5,4,0.093
13878,360.073,vc_hfov_90_yaw_-10,virtual_camera,90.0,-10.0,1,1.0,0,local_matching,,,,,1151,0.2387593,0,0,0.0,inf,0,0,0.102
13878,360.073,vc_hfov_90_yaw_+0,virtual_camera,90.0,0.0,1,1.0,0,pnp_insufficient_inliers,,,,,250,0.24613638,0,0,0.0,inf,8,6,0.14
13878,360.073,vc_hfov_90_yaw_+10,virtual_camera,90.0,10.0,1,1.0,0,pnp_insufficient_inliers,,,,,250,0.24546634,0,0,0.0,inf,9,6,0.113
14649,380.077,vc_hfov_90_yaw_-10,virtual_camera,90.0,-10.0,1,1.0,1,success,PnP,256.195,417.947,2362,2362,0.57416834,44,33,0.75,3.2109361382579173,44,33,0.118
14649,380.077,vc_hfov_90_yaw_+0,virtual_camera,90.0,0.0,1,1.0,1,success,PnP,256.259,418.433,2359,2360,0.58960413,43,28,0.6511627906976745,2.6385303546397463,46,29,0.117
14649,380.077,vc_hfov_90_yaw_+10,virtual_camera,90.0,10.0,1,1.0,1,success,PnP,256.101,418.396,2358,2359,0.57757275,45,27,0.6,3.177123665196365,45,27,0.117
15420,400.081,vc_hfov_90_yaw_-10,virtual_camera,90.0,-10.0,1,1.0,1,success,PnP,337.142,437.272,2804,2806,0.49285777,28,14,0.5,4.338715848942235,39,18,0.127
15420,400.081,vc_hfov_90_yaw_+0,virtual_camera,90.0,0.0,1,1.0,1,success,PnP,336.946,437.431,2805,2804,0.57794801,40,23,0.575,3.442883208549564,40,23,0.122
15420,400.081,vc_hfov_90_yaw_+10,virtual_camera,90.0,10.0,1,1.0,1,success,PnP,337.186,437.652,2808,2806,0.55828744,41,25,0.6097560975609756,3.530685111816267,44,25,0.122
16191,420.085,vc_hfov_90_yaw_-10,virtual_camera,90.0,-10.0,1,1.0,1,success,PnP,327.874,315.718,2882,2882,0.61403699,28,12,0.42857142857142855,2.923909448636395,39,14,0.178
16191,420.085,vc_hfov_90_yaw_+0,virtual_camera,90.0,0.0,1,1.0,1,success,PnP,329.552,318.608,1261,2881,0.59049266,36,11,0.3055555555555556,3.7421854601883893,41,12,0.159
16191,420.085,vc_hfov_90_yaw_+10,virtual_camera,90.0,10.0,1,1.0,1,success,PnP,328.22,317.278,1248,2881,0.49010299,37,13,0.35135135135135137,4.695057326332633,37,13,0.16
16962,440.089,vc_hfov_90_yaw_-10,virtual_camera,90.0,-10.0,1,1.0,1,success,PnP,303.793,276.003,996,995,0.45503321,39,14,0.358974358974359,4.241902807122221,39,14,0.17
16962,440.089,vc_hfov_90_yaw_+0,virtual_camera,90.0,0.0,1,1.0,1,success,PnP,303.849,276.023,996,995,0.41706371,31,14,0.45161290322580644,4.534716138990955,31,14,0.164
16962,440.089,vc_hfov_90_yaw_+10,virtual_camera,90.0,10.0,1,1.0,0,pnp_insufficient_inliers,,,,,998,0.33905975,0,0,0.0,inf,15,6,0.123
17733,460.093,vc_hfov_90_yaw_-10,virtual_camera,90.0,-10.0,1,1.0,1,success,PnP,247.292,274.39,1904,1904,0.55134433,29,18,0.6206896551724138,3.4638858502412564,34,18,0.124
17733,460.093,vc_hfov_90_yaw_+0,virtual_camera,90.0,0.0,1,1.0,1,success,PnP,247.157,275.743,1901,1901,0.59722781,34,19,0.5588235294117647,4.935658018981338,34,19,0.121
17733,460.093,vc_hfov_90_yaw_+10,virtual_camera,90.0,10.0,1,1.0,1,success,PnP,247.027,276.527,1891,1889,0.54421348,26,16,0.6153846153846154,3.1278271138930562,33,18,0.125
18504,480.097,vc_hfov_90_yaw_-10,virtual_camera,90.0,-10.0,1,1.0,0,pnp_insufficient_inliers,,,,,2203,0.38815566,0,0,0.0,inf,11,7,0.123
18504,480.097,vc_hfov_90_yaw_+0,virtual_camera,90.0,0.0,1,1.0,0,pnp_insufficient_inliers,,,,,2205,0.39821898,0,0,0.0,inf,9,6,0.128
18504,480.097,vc_hfov_90_yaw_+10,virtual_camera,90.0,10.0,1,1.0,0,pnp_insufficient_inliers,,,,,2206,0.34015737,0,0,0.0,inf,10,6,0.123
19275,500.101,vc_hfov_90_yaw_-10,virtual_camera,90.0,-10.0,1,1.0,0,pnp_insufficient_inliers,,,,,2207,0.23195007,0,0,0.0,inf,6,0,0.192
19275,500.101,vc_hfov_90_yaw_+0,virtual_camera,90.0,0.0,1,1.0,0,pnp_insufficient_inliers,,,,,2207,0.24113408,0,0,0.0,inf,4,4,0.144
19275,500.101,vc_hfov_90_yaw_+10,virtual_camera,90.0,10.0,1,1.0,0,pnp_insufficient_inliers,,,,,2207,0.2365764,0,0,0.0,inf,4,4,0.115
20046,520.105,vc_hfov_90_yaw_-10,virtual_camera,90.0,-10.0,1,1.0,1,success,PnP,284.051,252.279,2963,2960,0.38156548,19,11,0.5789473684210527,3.3966833250486266,21,11,0.129
20046,520.105,vc_hfov_90_yaw_+0,virtual_camera,90.0,0.0,1,1.0,1,success,PnP,283.115,248.345,640,638,0.30163353,14,10,0.7142857142857143,2.6718852987633515,22,14,0.124
20046,520.105,vc_hfov_90_yaw_+10,virtual_camera,90.0,10.0,1,1.0,1,success,PnP,284.623,248.804,640,640,0.38863313,16,14,0.875,2.277587652986182,22,14,0.12
