frame,time_s,config,success,num_matches,num_inliers,inlier_ratio,median_reproj_error,x_px,y_px,heading_deg,x_coverage,y_coverage,bbox_area_fraction,convex_hull_area_fraction,occupied_cells_4x3,propagated_raw_count,propagated_past_count,deduplicated_count,elapsed_s
839,28.001,direct,1,43,20,0.46511627906976744,2.7266915042469635,308.2921078877809,242.7312176736054,-4.349597931062688,0.429167,0.282407,0.1212,0.073134,5,159,72,43,3.463
839,28.001,propagated,1,103,34,0.3300970873786408,4.825569271990161,311.0171683622552,245.54442433086558,-2.3447292119176435,0.40479,0.826822,0.334689,0.205457,5,159,72,103,3.469
839,28.001,direct_plus_propagated,1,125,44,0.352,5.125285875199176,308.7333105501929,245.66606636981953,-4.257515976854846,0.41003,0.48758,0.199922,0.154503,4,159,72,125,3.475
839,28.001,past_only,1,68,28,0.4117647058823529,4.278460942158911,304.21059411260353,245.66390121893943,-7.644034626477865,0.428309,0.44637,0.191185,0.15559,4,159,72,68,3.477
839,28.001,direct_plus_past,1,95,34,0.35789473684210527,3.7478868193740444,306.08921604853134,244.91944010063514,-6.136739081481051,0.378832,0.469924,0.178022,0.120134,4,159,72,95,3.481
884,29.503,direct,1,34,17,0.5,3.1162951999803274,309.4081460756778,254.27375855709406,-9.54893397229204,0.294271,0.266667,0.078472,0.048398,4,141,64,34,3.161
884,29.503,propagated,1,71,28,0.39436619718309857,3.203972358696173,306.47781073023174,253.7936440720678,-11.729472176035985,0.349671,0.197414,0.06903,0.052438,4,141,64,71,3.164
884,29.503,direct_plus_propagated,1,75,29,0.38666666666666666,3.010725313007014,306.2599791135706,253.97949624519634,-11.896250472541132,0.349877,0.198135,0.069323,0.052508,4,141,64,75,3.167
884,29.503,past_only,1,36,18,0.5,3.3105952006402593,309.81215214058267,254.10297968775512,-9.24206594029245,0.294342,0.265788,0.078233,0.048558,4,141,64,36,3.168
884,29.503,direct_plus_past,1,40,18,0.45,2.771341403017103,310.2726444297721,254.45574553578373,-8.852352770771502,0.231771,0.266667,0.061806,0.035995,3,141,64,40,3.17
929,31.004,direct,1,24,14,0.5833333333333334,3.38927116358178,315.6649454102837,268.7041768791318,-12.784105734609016,0.520312,0.22037,0.114661,0.08029,5,91,58,24,2.987
929,31.004,propagated,1,53,22,0.41509433962264153,2.8506649842797573,306.2101822935065,269.9182845073093,-21.890476295266712,0.516882,0.271979,0.140581,0.07992,4,91,58,53,2.99
929,31.004,direct_plus_propagated,1,62,25,0.4032258064516129,3.7416112999581728,316.2397688942702,268.0251025370745,-12.189670820272266,0.520312,0.221566,0.115284,0.072784,4,91,58,62,2.992
929,31.004,past_only,1,46,20,0.43478260869565216,2.720217747515088,305.9829285007425,270.57892358048855,-22.181458410515305,0.501523,0.271727,0.136277,0.058261,3,91,58,46,2.994
929,31.004,direct_plus_past,1,55,28,0.509090909090909,3.730431803152572,315.72667755778315,268.3003372500924,-12.648451865176906,0.520312,0.260308,0.135441,0.090246,5,91,58,55,2.995
974,32.506,direct,1,27,16,0.5925925925925926,3.281528445123743,310.8111468003598,276.6077110005093,-26.261253852516962,0.226562,0.217593,0.049298,0.032378,2,93,44,27,2.896
974,32.506,propagated,1,45,24,0.5333333333333333,3.313635771302319,309.7001224330192,278.96262001291444,-28.19909072489319,0.238759,0.29168,0.069641,0.04385,3,93,44,45,2.897
974,32.506,direct_plus_propagated,1,62,30,0.4838709677419355,3.7185426800058767,311.2159851628831,276.51323466616043,-25.831645133048745,0.251461,0.260061,0.065395,0.041019,3,93,44,62,2.899
974,32.506,past_only,1,28,14,0.5,3.2677413256284553,309.08708080778575,279.9443313912266,-29.333475625854476,0.217731,0.272439,0.059318,0.035023,2,93,44,28,2.9
974,32.506,direct_plus_past,1,45,23,0.5111111111111111,2.865288680994129,309.2461678123532,279.2621716102944,-28.89412927055178,0.251461,0.316838,0.079672,0.043119,3,93,44,45,2.901
1019,34.008,direct,0,4,4,1.0,5.899971790122461e-06,289.7414560359034,314.98999915369643,-90.46639817900157,0.379688,0.507407,0.192656,0.093696,4,42,8,4,2.921
1019,34.008,propagated,1,28,13,0.4642857142857143,2.7958943459523797,315.64693853966367,290.7804488802342,-32.768498044448314,0.052932,0.288656,0.015279,0.012135,2,42,8,28,2.923
1019,34.008,direct_plus_propagated,1,30,14,0.4666666666666667,3.2918727188322796,316.5890059402839,290.2424629114708,-31.606169867712367,0.358159,0.565793,0.202644,0.058847,3,42,8,30,2.924
1019,34.008,past_only,0,8,4,0.5,2.243145530195049,322.04747793005936,283.404722482722,-18.415844009015373,0.637844,0.118503,0.075586,0.031296,3,42,8,8,2.925
1019,34.008,direct_plus_past,0,10,4,0.4,4.198150657116532,321.95270566997516,283.2419707442663,-18.440982820624672,0.63796,0.119308,0.076114,0.031455,3,42,8,10,2.927
1064,35.51,direct,0,4,4,1.0,1.831895573444818e-05,337.8319609893628,278.2400785206803,-18.23546056214356,0.163021,0.326852,0.053284,0.018134,3,89,47,4,2.998
1064,35.51,propagated,1,44,21,0.4772727272727273,2.8839188501328894,322.77554808945735,303.016069731096,-31.664226159412824,0.117045,0.428647,0.050171,0.031258,3,89,47,44,2.999
1064,35.51,direct_plus_propagated,1,48,21,0.4375,4.860940557123879,322.33670825683686,302.60328791358955,-31.308716722456705,0.074019,0.397582,0.029429,0.022474,3,89,47,48,3.001
1064,35.51,past_only,1,29,15,0.5172413793103449,3.5229729021252387,323.11916600915845,303.1106170864264,-31.071618068119243,0.086924,0.421614,0.036648,0.022344,3,89,47,29,3.002
1064,35.51,direct_plus_past,1,33,14,0.42424242424242425,3.7563676198249256,322.2424843068745,302.61332735067697,-31.444770441091393,0.074019,0.390626,0.028914,0.022057,3,89,47,33,3.004
1109,37.012,direct,1,21,11,0.5238095238095238,4.550172019816765,327.8925273927039,288.39049279657155,-11.193043833661445,0.142708,0.278704,0.039773,0.022172,3,93,40,21,3.586
1109,37.012,propagated,1,85,25,0.29411764705882354,3.189836106042289,327.43012486675,277.762566796123,-10.618704263025586,0.102222,0.19523,0.019957,0.013765,2,93,40,85,3.594
1109,37.012,direct_plus_propagated,1,96,29,0.3020833333333333,3.348769991126629,327.3966940388468,287.08736411728995,-11.453911473340211,0.147879,0.290444,0.04295,0.029939,4,93,40,96,3.601
1109,37.012,past_only,1,40,11,0.275,3.8106558503890184,325.07013365899365,257.61929091232963,-11.002515016775211,0.076711,0.129166,0.009908,0.005601,2,93,40,40,3.611
1109,37.012,direct_plus_past,1,60,19,0.31666666666666665,3.7137794431779128,327.4903560085835,285.86247889765684,-11.315371915888386,0.158337,0.264455,0.041873,0.026111,3,93,40,60,3.617
1154,38.514,direct,0,19,7,0.3684210526315789,1.7323370513913694,335.24020440376273,268.96774060408575,-5.3522570409657275,0.091146,0.306481,0.027935,0.015981,3,64,20,19,3.545
1154,38.514,propagated,1,64,17,0.265625,4.068303360780024,332.37910537557343,292.9292284057504,-5.195602289648075,0.130065,0.21276,0.027673,0.015929,3,64,20,64,3.557
1154,38.514,direct_plus_propagated,1,82,19,0.23170731707317074,3.8491627709548437,332.30100815214473,292.862917969528,-5.254186786664205,0.130065,0.236095,0.030708,0.017323,3,64,20,82,3.569
1154,38.514,past_only,0,20,5,0.25,1.493665365793481,336.04938724615863,352.7783296402973,173.5290595322814,0.053121,0.571289,0.030347,0.018617,3,64,20,20,3.582
1154,38.514,direct_plus_past,0,39,5,0.1282051282051282,0.5589067826111027,337.03171390405333,353.3000187641297,171.43387425505935,0.053121,0.542387,0.028812,0.019835,3,64,20,39,3.593
1199,40.015,direct,0,14,9,0.6428571428571429,3.774131721751737,337.65038006667,287.4820581981671,-1.8718326798701925,0.150521,0.253704,0.038188,0.020858,4,179,91,14,3.487
1199,40.015,propagated,1,90,28,0.3111111111111111,4.206076453129004,333.1042184878835,302.2116849432448,-2.7773590669291877,0.141015,0.255634,0.036048,0.026954,4,179,91,90,3.495
1199,40.015,direct_plus_propagated,1,98,29,0.29591836734693877,3.902871498441312,336.3997126645748,303.8356638436464,-0.5162386933073044,0.179069,0.228738,0.04096,0.02554,3,179,91,98,3.504
1199,40.015,past_only,1,55,18,0.32727272727272727,3.7925121960693735,336.70655570265654,308.4437504198649,0.13054593736369235,0.191878,0.281541,0.054022,0.03382,3,179,91,55,3.51
1199,40.015,direct_plus_past,1,65,20,0.3076923076923077,4.5830497330092514,333.1076117586762,303.57692839112167,-2.9067266185499423,0.188244,0.227664,0.042856,0.029583,4,179,91,65,3.518
1244,41.517,direct,1,37,16,0.43243243243243246,2.5199662241392824,333.96895501142995,317.7126793895712,-1.5171597326644775,0.150521,0.265741,0.04,0.027032,3,133,66,37,3.433
1244,41.517,propagated,1,101,35,0.3465346534653465,4.69435308338129,336.9118492477065,313.9150543839358,1.0428383011486728,0.148235,0.253932,0.037642,0.02961,4,133,66,101,3.438
1244,41.517,direct_plus_propagated,1,105,33,0.3142857142857143,4.030962526306811,336.96475460327565,314.03895306367593,1.1122655049381387,0.147949,0.254599,0.037668,0.030138,4,133,66,105,3.446
1244,41.517,past_only,1,60,20,0.3333333333333333,3.005336712097035,331.46669577363065,318.3643293465794,-3.6603182356147617,0.169898,0.276057,0.046902,0.031696,4,133,66,60,3.451
1244,41.517,direct_plus_past,1,64,21,0.328125,3.8513709094744195,334.08077837106237,316.6216215358497,-1.315225222437698,0.15763,0.266633,0.042029,0.030484,4,133,66,64,3.457
1289,43.019,direct,1,33,14,0.42424242424242425,3.058804393220079,339.99836136584037,297.6194914589601,0.9185361606106536,0.094271,0.115741,0.010911,0.009647,3,127,66,33,3.688
1289,43.019,propagated,1,65,22,0.3384615384615385,2.6510427840725836,339.7116075468608,293.59040417263816,0.7429242304857411,0.088225,0.137308,0.012114,0.009373,3,127,66,65,3.693
1289,43.019,direct_plus_propagated,1,67,22,0.3283582089552239,3.5065608019755463,336.9016932772109,310.1362777044442,0.1650009847571414,0.090937,0.163889,0.014904,0.010717,4,127,66,67,3.699
1289,43.019,past_only,1,52,17,0.3269230769230769,4.757565847576023,334.42619107924816,315.1427448684498,-1.0214516292218991,0.123275,0.1427,0.017591,0.014919,4,127,66,52,3.705
1289,43.019,direct_plus_past,1,56,20,0.35714285714285715,3.984764990346359,336.77743450195857,310.7448240999852,-0.2061755046772374,0.094271,0.141667,0.013355,0.01011,4,127,66,56,3.71
1334,44.521,direct,1,54,16,0.2962962962962963,3.8527405667176566,342.06944199888164,302.0676900242704,2.6063137458260788,0.1,0.162963,0.016296,0.012352,2,146,66,54,3.418
1334,44.521,propagated,1,132,35,0.26515151515151514,4.9824879960739015,336.4360106109929,324.22982003519115,0.3769445101216002,0.168243,0.220912,0.037167,0.023727,4,146,66,132,3.43
1334,44.521,direct_plus_propagated,1,137,32,0.23357664233576642,2.5766794472566774,337.7509605209628,326.7582172124132,1.2473147621552971,0.168243,0.229951,0.038688,0.02658,4,146,66,137,3.443
1334,44.521,past_only,1,63,24,0.38095238095238093,3.944283658696694,336.97618120479956,324.6936703748802,0.8360233340692306,0.167002,0.229554,0.038336,0.024291,4,146,66,63,3.446
1334,44.521,direct_plus_past,1,109,33,0.30275229357798167,3.999653033736918,336.0498443865951,325.70925496295126,0.21416856458989875,0.167002,0.229951,0.038402,0.024719,4,146,66,109,3.454
1379,46.023,direct,1,26,14,0.5384615384615384,4.059163886230953,335.9538815283329,322.1640017180295,-0.658183193040375,0.143229,0.206481,0.029574,0.020256,3,139,76,26,3.329
1379,46.023,propagated,1,86,28,0.32558139534883723,4.555048893145264,336.74245021985007,320.8669194380174,-0.21139688861891365,0.128488,0.211131,0.027128,0.017314,3,139,76,86,3.335
1379,46.023,direct_plus_propagated,1,87,27,0.3103448275862069,4.183281125466323,334.10121931114617,331.7053951848895,-1.511130787028701,0.145896,0.146901,0.021432,0.01916,3,139,76,87,3.341
1379,46.023,past_only,1,72,25,0.3472222222222222,4.555452785270776,341.95992509783986,318.8633653403655,1.9013142922248665,0.118225,0.154663,0.018285,0.014014,2,139,76,72,3.345
1379,46.023,direct_plus_past,1,75,24,0.32,4.579857313525761,334.4959357056584,332.844318227554,-1.3512287985420448,0.145896,0.139394,0.020337,0.017905,4,139,76,75,3.351
1424,47.525,direct,1,35,14,0.4,3.0380707879586577,341.1481480928467,330.87842069183256,0.8525520865329208,0.0875,0.17963,0.015718,0.010756,3,156,86,35,3.298
1424,47.525,propagated,1,127,31,0.2440944881889764,3.2512871807018993,339.86098327168946,332.9419362218571,0.48042230490926535,0.136934,0.191923,0.026281,0.018326,3,156,86,127,3.312
1424,47.525,direct_plus_propagated,1,148,35,0.23648648648648649,4.8227063129999275,340.77321015454686,334.5940903526486,0.7872188335767895,0.119278,0.191923,0.022892,0.0186,3,156,86,148,3.324
1424,47.525,past_only,1,78,25,0.32051282051282054,3.9691224757232897,341.01628205832475,336.2984137136389,1.0553535257877686,0.120548,0.191923,0.023136,0.019537,3,156,86,78,3.33
1424,47.525,direct_plus_past,1,102,29,0.28431372549019607,3.78258467472283,342.60333998924926,335.01624709947595,2.0270116634897066,0.140444,0.18387,0.025823,0.021422,3,156,86,102,3.339
